X,Y,gid,Name,description,Commune,D__partement,Orgue,Ann__e
,,1,Église Saint-Rémi de Charleville-Mézières,Commune: Charleville-Mézières<br>Département: Ardennes<br>Orgue: Orgue de tribune<br>partie instrumentale<br>Année: 1982,Charleville-Mézières,Ardennes,"Orgue de tribune
partie instrumentale",1982
,,2,Église Saint-Onesime de Donchery,"Commune: Donchery<br>Département: Ardennes<br>Orgue: Orgue de tribune<br>buffet, partie instrumentale<br>Année: 1973<br>1980",Donchery,Ardennes,"Orgue de tribune
buffet, partie instrumentale","1973
1980"
,,3,Saint-Rémy,Commune: Gespunsart<br>Département: Ardennes<br>Orgue: Orgue de chœur<br>partie instrumentale<br>Année: 1980,Gespunsart,Ardennes,"Orgue de chœur
partie instrumentale",1980
,,4,Église Notre-Dame de Petit-Givet,Commune: Givet<br>Département: Ardennes<br>Orgue: Orgue de tribune<br>partie instrumentale<br>Année: 1980,Givet,Ardennes,"Orgue de tribune
partie instrumentale",1980
,,5,Église Saint-Hilaire de Givet,Commune: Givet<br>Département: Ardennes<br>Orgue: Orgue de tribune<br>buffet<br>Année: 1967,Givet,Ardennes,"Orgue de tribune
buffet",1967
,,6,Abbatiale Notre-Dame de Mouzon,Commune: Mouzon<br>Département: Ardennes<br>Orgue: Orgue de tribune<br>buffet<br>Année: 1974,Mouzon,Ardennes,"Orgue de tribune
buffet",1974
,,7,Saint-Pierre,"Commune: Novy-Chevrières<br>Département: Ardennes<br>Orgue: Orgue de tribune<br>buffet, partie instrumentale<br>Année: 1911",Novy-Chevrières,Ardennes,"Orgue de tribune
buffet, partie instrumentale",1911
,,8,Église ,"Commune: Regniowez<br>Département: Ardennes<br>Orgue: Orgue de tribune<br>buffet, partie instrumentale<br>Année: 1971<br>1980",Regniowez,Ardennes,"Orgue de tribune
buffet, partie instrumentale","1971
1980"
,,9,Église Notre-Dame de Renwez,"Commune: Renwez<br>Département: Ardennes<br>Orgue: Orgue de tribune<br>buffet, partie instrumentale, tribune<br>Année: 1975<br>1980",Renwez,Ardennes,"Orgue de tribune
buffet, partie instrumentale, tribune","1975
1980"
,,10,Église Saint-Charles de Sedan,"Commune: Sedan<br>Département: Ardennes<br>Orgue: Orgue de tribune<br>buffet, partie instrumentale<br>Année: 2001",Sedan,Ardennes,"Orgue de tribune
buffet, partie instrumentale",2001
,,11,Église Saint-Nicolas de Signy-le-Petit,Commune: Signy-le-Petit<br>Département: Ardennes<br>Orgue: Orgue de tribune<br>partie instrumentale<br>Année: 1980,Signy-le-Petit,Ardennes,"Orgue de tribune
partie instrumentale",1980
,,12,Église Saint-Pierre de Bar-sur-Aube,"Commune: Bar-sur-Aube<br>Département: Aube<br>Orgue: Orgue de tribune<br>buffet, partie instrumentale<br>Année: 1964<br>1972",Bar-sur-Aube,Aube,"Orgue de tribune
buffet, partie instrumentale","1964
1972"
,,13,Église Saint-Étienne de Bar-sur-Seine,"Commune: Bar-sur-Seine<br>Département: Aube<br>Orgue: Orgue de tribune<br>buffet, partie instrumentale<br>Année: 1960<br>1973",Bar-sur-Seine,Aube,"Orgue de tribune
buffet, partie instrumentale","1960
1973"
,,14,Église Saint-Vallier,Commune: Bourguignons<br>Département: Aube<br>Orgue: Orgue à cylindres<br>partie instrumentale<br>Année: 1988,Bourguignons,Aube,"Orgue à cylindres
partie instrumentale",1988
,,15,Église Saint-Jean-Baptiste de Chaource,"Commune: Chaource<br>Département: Aube<br>Orgue: Orgue de tribune<br>buffet, partie instrumentale, tribune<br>Année: 1959<br>1962",Chaource,Aube,"Orgue de tribune
buffet, partie instrumentale, tribune","1959
1962"
,,16,Saint-Georges,Commune: Chavanges<br>Département: Aube<br>Orgue: Orgue de tribune<br>partie instrumentale<br>Année: 1985,Chavanges,Aube,"Orgue de tribune
partie instrumentale",1985
,,17,Notre-Dame,Commune: Chessy-les-Prés<br>Département: Aube<br>Orgue: Orgue de tribune<br>partie instrumentale<br>Année: 1980,Chessy-les-Prés,Aube,"Orgue de tribune
partie instrumentale",1980
,,18,Église ,"Commune: Cussangy<br>Département: Aube<br>Orgue: Église Saint-Léger, Orgue de tribune<br>partie instrumentale<br>Année: 1986",Cussangy,Aube,"Église Saint-Léger, Orgue de tribune
partie instrumentale",1986
,,19,Église Saint-Quentin de Dienville,"Commune: Dienville<br>Département: Aube<br>Orgue: Orgue de tribune<br>buffet, partie instrumentale<br>Année: 1961<br>1985",Dienville,Aube,"Orgue de tribune
buffet, partie instrumentale","1961
1985"
,,20,Église Saint-Pierre-ès-Liens d'Ervy-le-Châtel,"Commune: Ervy-le-Châtel<br>Département: Aube<br>Orgue: Orgue de tribune<br>buffet, partie instrumentale<br>Année: 1959<br>1973",Ervy-le-Châtel,Aube,"Orgue de tribune
buffet, partie instrumentale","1959
1973"
,,21,Église Saint-Rémy ,Commune: Essoyes<br>Département: Aube<br>Orgue: Orgue de tribune<br>partie instrumentale<br>Année: 1988,Essoyes,Aube,"Orgue de tribune
partie instrumentale",1988
,,22,Église,"Commune: Gyé-sur-Seine<br>Département: Aube<br>Orgue: eglise Saint Germain , Orgue de tribune<br>partie instrumentale<br>Année: 1988",Gyé-sur-Seine,Aube,"eglise Saint Germain , Orgue de tribune
partie instrumentale",1988
,,23,Église de l'Assomption-de-la-Vierge de Landreville,Commune: Landreville<br>Département: Aube<br>Orgue: Orgue de chœur<br>partie instrumentale<br>Année: 1988,Landreville,Aube,"Orgue de chœur
partie instrumentale",1988
,,24,Église Saint-Vinebaud ,Commune: Magnicourt<br>Département: Aube<br>Orgue: Orgue mécanique<br>partie instrumentale<br>Année: 1986,Magnicourt,Aube,"Orgue mécanique
partie instrumentale",1986
,,25,Église de l'Assomption-de-la-Vierge de Méry-sur-Seine,Commune: Méry-sur-Seine<br>Département: Aube<br>Orgue: Orgue de tribune<br>buffet<br>Année: 1981<br>1988,Méry-sur-Seine,Aube,"Orgue de tribune
buffet","1981
1988"
,,26,Église Notre-Dame-de-la-Sainte-Espérance de Mesnil-Saint-Loup,Commune: Mesnil-Saint-Loup<br>Département: Aube<br>Orgue: Orgue de tribune<br>partie instrumentale<br>Année: 1985,Mesnil-Saint-Loup,Aube,"Orgue de tribune
partie instrumentale",1985
,,27,Église Saint-Martin ,Commune: Moussey<br>Département: Aube<br>Orgue: Orgue de tribune<br>partie instrumentale<br>Année: 1980,Moussey,Aube,"Orgue de tribune
partie instrumentale",1980
,,28,Église Saint-Laurent de Nogent-sur-Seine,"Commune: Nogent-sur-Seine<br>Département: Aube<br>Orgue: Orgue de tribune<br>buffet, partie instrumentale, tribune<br>Année: 1907<br>1965",Nogent-sur-Seine,Aube,"Orgue de tribune
buffet, partie instrumentale, tribune","1907
1965"
,,29,Église Saint-Jean-Baptiste de Ricey-Haute-Rive,"Commune: Les Riceys<br>Département: Aube<br>Orgue: Orgue de tribune<br>buffet, partie instrumentale<br>Année: 1959<br>1988",Les Riceys,Aube,"Orgue de tribune
buffet, partie instrumentale","1959
1988"
,,30,Église Saint-Pierre-ès-Liens de Riceys-Bas,"Commune: Les Riceys<br>Département: Aube<br>Orgue: Orgue de tribune<br>buffet, partie instrumentale<br>Année: 1959<br>1973",Les Riceys,Aube,"Orgue de tribune
buffet, partie instrumentale","1959
1973"
,,31,Église Saint-Martin ,Commune: Rigny-le-Ferron<br>Département: Aube<br>Orgue: Orgue de tribune<br>partie instrumentale<br>Année: 1985,Rigny-le-Ferron,Aube,"Orgue de tribune
partie instrumentale",1985
,,32,Église Saint-Martin de Romilly-sur-Seine,Commune: Romilly-sur-Seine<br>Département: Aube<br>Orgue: Orgue de tribune<br>partie instrumentale<br>Année: 1982,Romilly-sur-Seine,Aube,"Orgue de tribune
partie instrumentale",1982
,,33,Église,"Commune: Rosnay-l'Hôpital<br>Département: Aube<br>Orgue: eglise de l'Assomption-de-la-Vierge , Orgue de tribune<br>partie instrumentale<br>Année: 1986",Rosnay-l'Hôpital,Aube,"eglise de l'Assomption-de-la-Vierge , Orgue de tribune
partie instrumentale",1986
,,34,Cathédrale Saint-Pierre-Saint-Paul de Troyes,Commune: Troyes<br>Département: Aube<br>Orgue: Orgue de chœur<br>partie instrumentale<br>Année: 1984,Troyes,Aube,"Orgue de chœur
partie instrumentale",1984
,,35,Cathédrale Saint-Pierre-Saint-Paul de Troyes,"Commune: Troyes<br>Département: Aube<br>Orgue: Orgue de tribune<br>buffet, partie instrumentale<br>Année: 1963<br>1974",Troyes,Aube,"Orgue de tribune
buffet, partie instrumentale","1963
1974"
,,36,Église Sainte-Madeleine de Troyes,"Commune: Troyes<br>Département: Aube<br>Orgue: Orgue de tribune<br>buffet, partie instrumentale<br>Année: 1973",Troyes,Aube,"Orgue de tribune
buffet, partie instrumentale",1973
,,37,Église Saint-Jean de Troyes,"Commune: Troyes<br>Département: Aube<br>Orgue: Orgue de tribune<br>buffet, partie instrumentale<br>Année: 1973<br>1973",Troyes,Aube,"Orgue de tribune
buffet, partie instrumentale","1973
1973"
,,38,Église Saint-Martin-des-Vignes,"Commune: Troyes<br>Département: Aube<br>Orgue: Orgue de tribune<br>buffet, tribune<br>Année: 1965",Troyes,Aube,"Orgue de tribune
buffet, tribune",1965
,,39,Église Saint-Nicolas de Troyes,Commune: Troyes<br>Département: Aube<br>Orgue: Orgue de tribune<br>partie instrumentale<br>Année: 1987,Troyes,Aube,"Orgue de tribune
partie instrumentale",1987
,,40,Église Saint-Nizier de Troyes,Commune: Troyes<br>Département: Aube<br>Orgue: Orgue de chœur<br>partie instrumentale<br>Année: 1981,Troyes,Aube,"Orgue de chœur
partie instrumentale",1981
,,41,Église Saint-Rémy de Troyes,Commune: Troyes<br>Département: Aube<br>Orgue: Orgue de tribune<br>partie instrumentale<br>Année: 1986,Troyes,Aube,"Orgue de tribune
partie instrumentale",1986
,,42,Église,"Commune: Villenauxe-la-Grande<br>Département: Aube<br>Orgue: eglise Saint-Pierre-Saint-Paul , Orgue de tribune<br>buffet, tribune<br>Année: 1974",Villenauxe-la-Grande,Aube,"eglise Saint-Pierre-Saint-Paul , Orgue de tribune
buffet, tribune",1974
,,43,Église Notre-Dame ,"Commune: Blécourt<br>Département: Haute-Marne<br>Orgue: Orgue de chœur<br>partie instrumentale, tribune<br>Année: 1981",Blécourt,Haute-Marne,"Orgue de chœur
partie instrumentale, tribune",1981
,,44,Église Notre-Dame-de-l'Assomption de Bourbonne-les-Bains,Commune: Bourbonne-les-Bains<br>Département: Haute-Marne<br>Orgue: Orgue de tribune<br>partie instrumentale<br>Année: 1981,Bourbonne-les-Bains,Haute-Marne,"Orgue de tribune
partie instrumentale",1981
,,45,Église Saint-Georges de Meuvy,"Commune: Breuvannes-en-Bassigny<br>Département: Haute-Marne<br>Orgue: Orgue de tribune<br>buffet, partie instrumentale<br>Année: 1964<br>1974",Breuvannes-en-Bassigny,Haute-Marne,"Orgue de tribune
buffet, partie instrumentale","1964
1974"
,,46,Église,"Commune: Châteauvillain<br>Département: Haute-Marne<br>Orgue: eglise Notre-Dame , Orgue de tribune<br>buffet, partie instrumentale<br>Année: 1979",Châteauvillain,Haute-Marne,"eglise Notre-Dame , Orgue de tribune
buffet, partie instrumentale",1979
,,47,Basilique Saint-Jean-Baptiste de Chaumont,"Commune: Chaumont<br>Département: Haute-Marne<br>Orgue: Orgue de tribune<br>buffet, partie instrumentale<br>Année: 1973<br>1974",Chaumont,Haute-Marne,"Orgue de tribune
buffet, partie instrumentale","1973
1974"
,,48,Église Saint-Martin ,Commune: Doulaincourt-Saucourt<br>Département: Haute-Marne<br>Orgue: Orgue de tribune<br>partie instrumentale<br>Année: 1979,Doulaincourt-Saucourt,Haute-Marne,"Orgue de tribune
partie instrumentale",1979
,,49,Église Notre-Dame-de-l'Assomption ,Commune: Droyes<br>Département: Haute-Marne<br>Orgue: Orgue de tribune<br>partie instrumentale<br>Année: 1980,Droyes,Haute-Marne,"Orgue de tribune
partie instrumentale",1980
,,50,Église,"Commune: Éclaron-Braucourt-Sainte-Livière<br>Département: Haute-Marne<br>Orgue: eglise Saint-Laurent , Orgue de tribune<br>buffet<br>Année: 1965",Éclaron-Braucourt-Sainte-Livière,Haute-Marne,"eglise Saint-Laurent , Orgue de tribune
buffet",1965
,,51,Église Saint-Lumier ,Commune: Fronville<br>Département: Haute-Marne<br>Orgue: Orgue de tribune<br>partie instrumentale<br>Année: 1980,Fronville,Haute-Marne,"Orgue de tribune
partie instrumentale",1980
,,52,Église Notre-Dame de Joinville,"Commune: Joinville<br>Département: Haute-Marne<br>Orgue: Orgue de tribune<br>buffet, partie instrumentale<br>Année: 1970<br>1974",Joinville,Haute-Marne,"Orgue de tribune
buffet, partie instrumentale","1970
1974"
,,53,Cathédrale Saint-Mammès de Langres,Commune: Langres<br>Département: Haute-Marne<br>Orgue: Orgue de chœur<br>partie instrumentale<br>Année: 1993,Langres,Haute-Marne,"Orgue de chœur
partie instrumentale",1993
,,54,Cathédrale Saint-Mammès de Langres,"Commune: Langres<br>Département: Haute-Marne<br>Orgue: Orgue de tribune<br>buffet, partie instrumentale<br>Année: 1949<br>1970",Langres,Haute-Marne,"Orgue de tribune
buffet, partie instrumentale","1949
1970"
,,55,Église Saint-Martin de Langres,Commune: Langres<br>Département: Haute-Marne<br>Orgue: Orgue de chœur<br>buffet<br>Année: 1970,Langres,Haute-Marne,"Orgue de chœur
buffet",1970
,,56,Église Saint-Martin de Langres,Commune: Langres<br>Département: Haute-Marne<br>Orgue: Orgue de tribune<br>partie instrumentale<br>Année: 1986,Langres,Haute-Marne,"Orgue de tribune
partie instrumentale",1986
,,57,Église,"Commune: Nully<br>Département: Haute-Marne<br>Orgue: eglise Notre-Dame-de-la-Nativité , Orgue de tribune<br>partie instrumentale<br>Année: 1979",Nully,Haute-Marne,"eglise Notre-Dame-de-la-Nativité , Orgue de tribune
partie instrumentale",1979
,,58,Église,"Commune: Poissons<br>Département: Haute-Marne<br>Orgue: eglise Saint-Aignan , Orgue de tribune<br>partie instrumentale<br>Année: 1981",Poissons,Haute-Marne,"eglise Saint-Aignan , Orgue de tribune
partie instrumentale",1981
,,59,Église Notre-Dame de Saint-Dizier,Commune: Saint-Dizier<br>Département: Haute-Marne<br>Orgue: Orgue de chœur<br>partie instrumentale<br>Année: 1990,Saint-Dizier,Haute-Marne,"Orgue de chœur
partie instrumentale",1990
,,60,Église Notre-Dame de Saint-Dizier,"Commune: Saint-Dizier<br>Département: Haute-Marne<br>Orgue: Orgue de tribune<br>buffet, partie instrumentale<br>Année: 1974<br>1975",Saint-Dizier,Haute-Marne,"Orgue de tribune
buffet, partie instrumentale","1974
1975"
,,61,Église Saint-Martin de Gigny,Commune: Saint-Dizier<br>Département: Haute-Marne<br>Orgue: Orgue de tribune<br>partie instrumentale<br>Année: 1989,Saint-Dizier,Haute-Marne,"Orgue de tribune
partie instrumentale",1989
,,62,Église Saint-Didier de Thonnance-lès-Joinville,Commune: Thonnance-lès-Joinville<br>Département: Haute-Marne<br>Orgue: Orgue de tribune<br>partie instrumentale<br>Année: 1981,Thonnance-lès-Joinville,Haute-Marne,"Orgue de tribune
partie instrumentale",1981
,,63,Église,"Commune: Villiers-en-Lieu<br>Département: Haute-Marne<br>Orgue: eglise Saint-Rémy , Orgue de chœur<br>partie instrumentale<br>Année: 1980",Villiers-en-Lieu,Haute-Marne,"eglise Saint-Rémy , Orgue de chœur
partie instrumentale",1980
,,64,Église Notre-Dame de Wassy,Commune: Wassy<br>Département: Haute-Marne<br>Orgue: Orgue de chœur<br>partie instrumentale<br>Année: 1981,Wassy,Haute-Marne,"Orgue de chœur
partie instrumentale",1981
,,65,Église Notre-Dame de Wassy,"Commune: Wassy<br>Département: Haute-Marne<br>Orgue: Orgue de tribune<br>buffet, partie instrumentale, tribune<br>Année: 1965<br>1973",Wassy,Haute-Marne,"Orgue de tribune
buffet, partie instrumentale, tribune","1965
1973"
,,66,Église Saint-Trésain,"Commune: Avenay-Val-d'Or<br>Département: Marne<br>Orgue: Orgue de tribune<br>buffet, partie instrumentale<br>Année: 1959<br>1975",Avenay-Val-d'Or,Marne,"Orgue de tribune
buffet, partie instrumentale","1959
1975"
,,67,Église Saint-Basle ,Commune: Bouzy<br>Département: Marne<br>Orgue: Orgue de tribune<br>partie instrumentale<br>Année: 1985,Bouzy,Marne,"Orgue de tribune
partie instrumentale",1985
,,68,Cathédrale Saint-Étienne de Châlons,"Commune: Châlons-en-Champagne<br>Département: Marne<br>Orgue: Orgue de tribune<br>buffet, partie instrumentale<br>Année: 1979<br>1996",Châlons-en-Champagne,Marne,"Orgue de tribune
buffet, partie instrumentale","1979
1996"
,,69,Église Saint-Alpin de Châlons-en-Champagne,"Commune: Châlons-en-Champagne<br>Département: Marne<br>Orgue: Orgue de tribune<br>buffet, partie instrumentale<br>Année: 1976<br>1978",Châlons-en-Champagne,Marne,"Orgue de tribune
buffet, partie instrumentale","1976
1978"
,,70,Église Saint-Loup de Châlons-en-Champagne,Commune: Châlons-en-Champagne<br>Département: Marne<br>Orgue: Orgue de tribune<br>partie instrumentale<br>Année: 1980,Châlons-en-Champagne,Marne,"Orgue de tribune
partie instrumentale",1980
,,71,Église Saint-Jean de Châlons-en-Champagne,Commune: Châlons-en-Champagne<br>Département: Marne<br>Orgue: Orgue de tribune<br>partie instrumentale<br>Année: 1932,Châlons-en-Champagne,Marne,"Orgue de tribune
partie instrumentale",1932
,,72,Hôtel de Région de la Champagne-Ardenne,Commune: Châlons-en-Champagne<br>Département: Marne<br>Orgue: Orgue de tribune<br>partie instrumentale<br>Année: 1979,Châlons-en-Champagne,Marne,"Orgue de tribune
partie instrumentale",1979
,,73,Église,"Commune: Clesles<br>Département: Marne<br>Orgue: eglise Saint-Sulpice , Orgue de chœur<br>partie instrumentale<br>Année: 2002",Clesles,Marne,"eglise Saint-Sulpice , Orgue de chœur
partie instrumentale",2002
,,74,Église Saint-Martin de Courtisols,Commune: Courtisols<br>Département: Marne<br>Orgue: Orgue de tribune<br>partie instrumentale<br>Année: 1979,Courtisols,Marne,"Orgue de tribune
partie instrumentale",1979
,,75,Église Saint-Georges ,"Commune: Damery<br>Département: Marne<br>Orgue: Orgue de tribune<br>buffet, partie instrumentale, tribune<br>Année: 1911<br>1978",Damery,Marne,"Orgue de tribune
buffet, partie instrumentale, tribune","1911
1978"
,,76,Église Notre-Dame d'Épernay,Commune: Épernay<br>Département: Marne<br>Orgue: Orgue de tribune<br>partie instrumentale<br>Année: 1979,Épernay,Marne,"Orgue de tribune
partie instrumentale",1979
,,77,Église Saint-Pierre-et-Saint-Paul d'Épernay,Commune: Épernay<br>Département: Marne<br>Orgue: Orgue de tribune<br>partie instrumentale<br>Année: 1979,Épernay,Marne,"Orgue de tribune
partie instrumentale",1979
,,78,Basilique Notre-Dame de l'Épine,"Commune: L'Épine<br>Département: Marne<br>Orgue: Orgue de tribune<br>buffet, tribune<br>Année: 1840",L'Épine,Marne,"Orgue de tribune
buffet, tribune",1840
,,79,Abbatiale Saint-Sindulphe d'Hautvillers,"Commune: Hautvillers<br>Département: Marne<br>Orgue: Orgue de tribune<br>buffet, partie instrumentale<br>Année: 1976<br>1978",Hautvillers,Marne,"Orgue de tribune
buffet, partie instrumentale","1976
1978"
,,80,Hôtel de ville d'Heiltz-l'Évêque,Commune: Heiltz-l'Évêque<br>Département: Marne<br>Orgue: Orgue de tribune<br>partie instrumentale<br>Année: 1993,Heiltz-l'Évêque,Marne,"Orgue de tribune
partie instrumentale",1993
,,81,Église,"Commune: Hermonville<br>Département: Marne<br>Orgue: eglise Saint-Sauveur , Orgue de tribune<br>buffet<br>Année: 1979",Hermonville,Marne,"eglise Saint-Sauveur , Orgue de tribune
buffet",1979
,,82,Église,"Commune: Juvigny<br>Département: Marne<br>Orgue: eglise Notre-Dame ,Orgue de tribune<br>buffet, partie instrumentale, tribune<br>Année: 1975<br>1978",Juvigny,Marne,"eglise Notre-Dame ,Orgue de tribune
buffet, partie instrumentale, tribune","1975
1978"
,,83,Église Saint-Nicolas du Mesnil-sur-Oger,Commune: Le Mesnil-sur-Oger<br>Département: Marne<br>Orgue: Orgue de chœur<br>partie instrumentale<br>Année: 2002,Le Mesnil-sur-Oger,Marne,"Orgue de chœur
partie instrumentale",2002
,,84,Église Saint-Étienne ,Commune: Montmirail<br>Département: Marne<br>Orgue: Orgue de tribune<br>partie instrumentale<br>Année: 1984,Montmirail,Marne,"Orgue de tribune
partie instrumentale",1984
,,85,Église de la Nativité-de-la-Sainte-Vierge de La Neuville-au-Pont,Commune: La Neuville-au-Pont<br>Département: Marne<br>Orgue: Orgue de tribune<br>partie instrumentale<br>Année: 1979,La Neuville-au-Pont,Marne,"Orgue de tribune
partie instrumentale",1979
,,86,Église,"Commune: Plivot<br>Département: Marne<br>Orgue: eglise Saint-Quentin ,Orgue de tribune<br>partie instrumentale<br>Année: 1980",Plivot,Marne,"eglise Saint-Quentin ,Orgue de tribune
partie instrumentale",1980
,,87,Cathédrale Notre-Dame de Reims,"Commune: Reims<br>Département: Marne<br>Orgue: Orgue de tribune<br>buffet, partie instrumentale<br>Année: 1862<br>1982",Reims,Marne,"Orgue de tribune
buffet, partie instrumentale","1862
1982"
,,88,Église Saint-Maurice de Reims,Commune: Reims<br>Département: Marne<br>Orgue: Orgue de chœur<br>partie instrumentale<br>Année: 1981,Reims,Marne,"Orgue de chœur
partie instrumentale",1981
,,89,Église Notre-Dame de Sainte-Menehould,"Commune: Sainte-Menehould<br>Département: Marne<br>Orgue: Orgue de tribune<br>buffet, partie instrumentale, tribune<br>Année: 1980<br>1981",Sainte-Menehould,Marne,"Orgue de tribune
buffet, partie instrumentale, tribune","1980
1981"
,,90,Église Saint-Germain de Saint-Germain-la-Ville,Commune: Saint-Germain-la-Ville<br>Département: Marne<br>Orgue: Orgue de tribune<br>partie instrumentale<br>Année: 1979,Saint-Germain-la-Ville,Marne,"Orgue de tribune
partie instrumentale",1979
,,91,Église Saint-Julien de Sarry,"Commune: Sarry<br>Département: Marne<br>Orgue: Orgue de tribune<br>buffet, partie instrumentale<br>Année: 1977",Sarry,Marne,"Orgue de tribune
buffet, partie instrumentale",1977
,,92,Église Saint-Denis de Sézanne,"Commune: Sézanne<br>Département: Marne<br>Orgue: Orgue de tribune<br>buffet, tribune<br>Année: 1908",Sézanne,Marne,"Orgue de tribune
buffet, tribune",1908
,,93,Église Saint-Pierre ,"Commune: Somme-Suippe<br>Département: Marne<br>Orgue: Orgue de tribune<br>buffet, partie instrumentale<br>Année: 1998",Somme-Suippe,Marne,"Orgue de tribune
buffet, partie instrumentale",1998
,,94,Église Saint-Martin ,"Commune: Suippes<br>Département: Marne<br>Orgue: Orgue de tribune<br>buffet, partie instrumentale<br>Année: 1998",Suippes,Marne,"Orgue de tribune
buffet, partie instrumentale",1998
,,95,Église Sainte-Madeleine ,Commune: Tours-sur-Marne<br>Département: Marne<br>Orgue: Orgue de tribune<br>partie instrumentale<br>Année: 1993,Tours-sur-Marne,Marne,"Orgue de tribune
partie instrumentale",1993
,,96,Église Saint-Pierre-Saint-Paul ,Commune: Vienne-le-Château<br>Département: Marne<br>Orgue: Orgue de tribune<br>buffet<br>Année: 1996,Vienne-le-Château,Marne,"Orgue de tribune
buffet",1996
,,97,Église Saint-Alpin ,Commune: Villevenard<br>Département: Marne<br>Orgue: Orgue de tribune<br>partie instrumentale<br>Année: 1980,Villevenard,Marne,"Orgue de tribune
partie instrumentale",1980
,,98,Collégiale Notre-Dame de Vitry-le-François,"Commune: Vitry-le-François<br>Département: Marne<br>Orgue: Orgue de tribune<br>buffet, partie instrumentale<br>Année: 1963",Vitry-le-François,Marne,"Orgue de tribune
buffet, partie instrumentale",1963
,,99,Église Saint-Memmie de Vitry-en-Perthois,Commune: Vitry-en-Perthois<br>Département: Marne<br>Orgue: Orgue de tribune<br>buffet<br>Année: 1975,Vitry-en-Perthois,Marne,"Orgue de tribune
buffet",1975
,,100,Église,"Commune: Vraux<br>Département: Marne<br>Orgue: eglise Saint-Laurent ,Orgue de tribune<br>partie instrumentale<br>Année: 1978",Vraux,Marne,"eglise Saint-Laurent ,Orgue de tribune
partie instrumentale",1978
