X,Y,gid,Name,description,D__partement,Commune,Localisation,Orgue,Construction,Reprises
,,1,eglise,"Département: Meurthe-et-Moselle<br>Commune: Blâmont<br>Localisation: <br>Orgue: Saint-Maurice - Orgue de tribune<br>buffet, partie instrumentale<br>Construction: Jean-Adam Dingler 1768, 12 jeux et buffet, transformé Jean-Frédéric Verschneider1858<br>Reprises: Restauration Daniel Kern 2000",Meurthe-et-Moselle,Blâmont,,"Saint-Maurice - Orgue de tribune
buffet, partie instrumentale","Jean-Adam Dingler 1768, 12 jeux et buffet, transformé Jean-Frédéric Verschneider1858",Restauration Daniel Kern 2000
,,2,Église Saint-Médard,"Département: Meurthe-et-Moselle<br>Commune: Blénod-lès-Toul<br>Localisation: <br>Orgue: Saint-Médard - Orgue de tribune<br>buffet, partie instrumentale<br>Construction: Joseph Marchal & Jean-Adam Dingler 1731- 35 abbaye Saint-Léon de Toul, transféré en 1793, réparation Joseph Cuvillier 1839<br>Reprises: Transformation Louis Georgel 1939",Meurthe-et-Moselle,Blénod-lès-Toul,,"Saint-Médard - Orgue de tribune
buffet, partie instrumentale","Joseph Marchal & Jean-Adam Dingler 1731- 35 abbaye Saint-Léon de Toul, transféré en 1793, réparation Joseph Cuvillier 1839",Transformation Louis Georgel 1939
,,3,Église Saint-Rémy ,Département: Meurthe-et-Moselle<br>Commune: Chaligny<br>Localisation: <br>Orgue: Orgue de tribune<br>partie instrumentale<br>Construction: <br>Reprises: ,Meurthe-et-Moselle,Chaligny,,"Orgue de tribune
partie instrumentale",,
,,4,Église,"Département: Meurthe-et-Moselle<br>Commune: Colombey-les-Belles<br>Localisation: <br>Orgue: Saint Maurice - Orgue de tribune<br>partie instrumentale<br>Construction: Aristide Cavaillé-Coll 1863,agrandissement Jean Blési 1883<br>Reprises: Restauration BOIS Antoine 2002",Meurthe-et-Moselle,Colombey-les-Belles,,"Saint Maurice - Orgue de tribune
partie instrumentale","Aristide Cavaillé-Coll 1863,agrandissement Jean Blési 1883",Restauration BOIS Antoine 2002
,,5,Église Saint-Rémy ,"Département: Meurthe-et-Moselle<br>Commune: Deneuvre<br>Localisation: <br>Orgue: St Rémy - Orgue de tribune<br>buffet, tribune<br>Construction: Claude Legros 1704 pour lieu inconnu<br>Reprises: Restauré 1996 Georg Westenfelder (Lux.)",Meurthe-et-Moselle,Deneuvre,,"St Rémy - Orgue de tribune
buffet, tribune",Claude Legros 1704 pour lieu inconnu,Restauré 1996 Georg Westenfelder (Lux.)
,,6,Église,"Département: Meurthe-et-Moselle<br>Commune: Domgermain<br>Localisation: <br>Orgue: Saint Maurice - Orgue de tribune<br>buffet, partie instrumentale, tribune<br>Construction: Charles Cachet 1720 pour Cordeliers de Toul, transfert 1793, modif. Cuvillier Joseph 1837, Georges 1845<br>Reprises: Restauration Didier Chanon 1994",Meurthe-et-Moselle,Domgermain,,"Saint Maurice - Orgue de tribune
buffet, partie instrumentale, tribune","Charles Cachet 1720 pour Cordeliers de Toul, transfert 1793, modif. Cuvillier Joseph 1837, Georges 1845",Restauration Didier Chanon 1994
,,7,Église Saint-Georges ,Département: Meurthe-et-Moselle<br>Commune: Essey-lès-Nancy<br>Localisation: <br>Orgue: Orgue<br>buffet<br>Construction: <br>Reprises: ,Meurthe-et-Moselle,Essey-lès-Nancy,,"Orgue
buffet",,
,,8,Église,"Département: Meurthe-et-Moselle<br>Commune: Eulmont<br>Localisation: <br>Orgue: St Rémy - Orgue de tribune<br>partie instrumentale<br>Construction: Lété Nicolas-Antoine1842 Cirey s/Vezouce, transfert & modif. Jean Blési 1883<br>Reprises: Restauration Antoine BOIS 2001",Meurthe-et-Moselle,Eulmont,,"St Rémy - Orgue de tribune
partie instrumentale","Lété Nicolas-Antoine1842 Cirey s/Vezouce, transfert & modif. Jean Blési 1883",Restauration Antoine BOIS 2001
,,9,Église ,"Département: Meurthe-et-Moselle<br>Commune: Favières<br>Localisation: <br>Orgue: Saints Antoine & Sulpice - Orgue<br>buffet, partie instrumentale<br>Construction: Alexandre Jacquet 1855 quasi inchangé<br>Reprises: Joseph Cuvillier 1858",Meurthe-et-Moselle,Favières,,"Saints Antoine & Sulpice - Orgue
buffet, partie instrumentale",Alexandre Jacquet 1855 quasi inchangé,Joseph Cuvillier 1858
,,10,Église ,"Département: Meurthe-et-Moselle<br>Commune: Flavigny-sur-Moselle<br>Localisation: <br>Orgue: Saints Hippolyte et Firmin - Orgue de tribune<br>partie instrumentale<br>Construction: Lété Nicolas-Antoine 1847 état quasi d'origine<br>Reprises: petits remaniements Jean Blési 1884, inconnu 1929",Meurthe-et-Moselle,Flavigny-sur-Moselle,,"Saints Hippolyte et Firmin - Orgue de tribune
partie instrumentale",Lété Nicolas-Antoine 1847 état quasi d'origine,"petits remaniements Jean Blési 1884, inconnu 1929"
,,11,Église Saint-Pierre-Saint-Sylvestre ,Département: Meurthe-et-Moselle<br>Commune: Gerbéviller<br>Localisation: <br>Orgue: Orgue de chœur<br>orgue<br>Construction: <br>Reprises: ,Meurthe-et-Moselle,Gerbéviller,,"Orgue de chœur
orgue",,
,,12,Chapelle du centre hospitalier ,Département: Meurthe-et-Moselle<br>Commune: Laxou<br>Localisation: <br>Orgue: Orgue de chœur<br>buffet<br>Construction: <br>Reprises: ,Meurthe-et-Moselle,Laxou,,"Orgue de chœur
buffet",,
,,13,Église Saint-Pierre de Liverdun,Département: Meurthe-et-Moselle<br>Commune: Liverdun<br>Localisation: <br>Orgue: Orgue de tribune<br>partie instrumentale<br>Construction: Claude-Ignace Callinet 1847 intact<br>Reprises: restauration Laurent Plet 1999,Meurthe-et-Moselle,Liverdun,,"Orgue de tribune
partie instrumentale",Claude-Ignace Callinet 1847 intact,restauration Laurent Plet 1999
,,14,Église Saint-Étienne de Lucey,Département: Meurthe-et-Moselle<br>Commune: Lucey<br>Localisation: <br>Orgue: Orgue de tribune<br>partie instrumentale<br>Construction: <br>Reprises: ,Meurthe-et-Moselle,Lucey,,"Orgue de tribune
partie instrumentale",,
,,15,Église Saint-Jacques de Lunéville,"Département: Meurthe-et-Moselle<br>Commune: Lunéville<br>Localisation: <br>Orgue: Orgue de chœur<br>buffet, partie instrumentale<br>Construction: Nicolas Dupont 1751,modifié 1823 Jean-Baptiste Gavot, reconstruit Jean-Nicolas III JEANPIERRE 1852, modifié Théo. Jaquot et Franz Standt début 20e<br>Reprises: Restauration-reconstructionBertrand Cattiaux & Laurent Plet 2003",Meurthe-et-Moselle,Lunéville,,"Orgue de chœur
buffet, partie instrumentale","Nicolas Dupont 1751,modifié 1823 Jean-Baptiste Gavot, reconstruit Jean-Nicolas III JEANPIERRE 1852, modifié Théo. Jaquot et Franz Standt début 20e",Restauration-reconstructionBertrand Cattiaux & Laurent Plet 2003
,,16,Église Saint-Jacques de Lunéville,"Département: Meurthe-et-Moselle<br>Commune: Lunéville<br>Localisation: <br>Orgue: Orgue de tribune<br>buffet, partie instrumentale<br>Construction: <br>Reprises: ",Meurthe-et-Moselle,Lunéville,,"Orgue de tribune
buffet, partie instrumentale",,
,,17,Église ,"Département: Meurthe-et-Moselle<br>Commune: Moyen<br>Localisation: <br>Orgue: Saint-Martin - Orgue<br>partie instrumentale<br>Construction: Positif dorsal ajouté par Joseph Stezle en 1803 à l'orgue de Jean-Adam Dingler 1758 des Prémontrés de Nancy, lors de son transfert à St Sébastien de Nancy, séparé et transféré à Moyen par Jean Blési 1882<br>Reprises: ",Meurthe-et-Moselle,Moyen,,"Saint-Martin - Orgue
partie instrumentale","Positif dorsal ajouté par Joseph Stezle en 1803 à l'orgue de Jean-Adam Dingler 1758 des Prémontrés de Nancy, lors de son transfert à St Sébastien de Nancy, séparé et transféré à Moyen par Jean Blési 1882",
,,18,Basilique Saint-Epvre,"Département: Meurthe-et-Moselle<br>Commune: Nancy<br>Localisation: <br>Orgue: Orgue de tribune<br>partie instrumentale<br>Construction: Joseph Merklin & Friedrich Schütze 1867 pour l'Exposition Universelle de Paris<br>Reprises: Restau.1992 Manufacture Lorraine de G.O. Haerpfer, 2009 Jean-Bapt. Gaupillat",Meurthe-et-Moselle,Nancy,,"Orgue de tribune
partie instrumentale",Joseph Merklin & Friedrich Schütze 1867 pour l'Exposition Universelle de Paris,"Restau.1992 Manufacture Lorraine de G.O. Haerpfer, 2009 Jean-Bapt. Gaupillat"
,,19,Cathédrale Notre-Dame-de-l'Annonciation,"Département: Meurthe-et-Moselle<br>Commune: Nancy<br>Localisation: <br>Orgue: Orgue de tribune<br>buffet, partie instrumentale, tribune<br>Construction: Joseph & Nicolas Dupont 1763, agrandissement Jean-François Vautrin 1814<br>Reprises: Reconstruit A.Cavaillé-Coll style symphonique 1861, transformé néo-classique Haerpfer-Erman 1965",Meurthe-et-Moselle,Nancy,,"Orgue de tribune
buffet, partie instrumentale, tribune","Joseph & Nicolas Dupont 1763, agrandissement Jean-François Vautrin 1814","Reconstruit A.Cavaillé-Coll style symphonique 1861, transformé néo-classique Haerpfer-Erman 1965"
,,20,Église Saint-Joseph ,"Département: Meurthe-et-Moselle<br>Commune: Nancy<br>Localisation: <br>Orgue: Orgue de tribune<br>buffet, partie instrumentale<br>Construction: Jean-Adam Dingler 1758 pour Prémontrés de Nancy, transfert à St Sébastien de Nancy Joseph Stezle 1803, transfert du grand-corps au Petit-Séminaire de Pont-à-Mousson Jean Blési 1882, transfert à St Joseph 1909<br>Reprises: ",Meurthe-et-Moselle,Nancy,,"Orgue de tribune
buffet, partie instrumentale","Jean-Adam Dingler 1758 pour Prémontrés de Nancy, transfert à St Sébastien de Nancy Joseph Stezle 1803, transfert du grand-corps au Petit-Séminaire de Pont-à-Mousson Jean Blési 1882, transfert à St Joseph 1909",
,,21,Église Saint-Léon-IX ,"Département: Meurthe-et-Moselle<br>Commune: Nancy<br>Localisation: <br>Orgue: Orgue de chœur<br>partie instrumentale<br>Construction: Aristide Cavaillé-Coll1889, reconstruction destructrice de Danion-Gonzalez 1975<br>Reprises: Reconstruction 1989 à partir des éléments restants de Cavaillé-Coll",Meurthe-et-Moselle,Nancy,,"Orgue de chœur
partie instrumentale","Aristide Cavaillé-Coll1889, reconstruction destructrice de Danion-Gonzalez 1975",Reconstruction 1989 à partir des éléments restants de Cavaillé-Coll
,,22,Église Saint-Léon-IX ,Département: Meurthe-et-Moselle<br>Commune: Nancy<br>Localisation: <br>Orgue: Orgue de tribune<br>partie instrumentale<br>Construction: Peut-être Callinet de Rouffach xixe siècle<br>Reprises: ,Meurthe-et-Moselle,Nancy,,"Orgue de tribune
partie instrumentale",Peut-être Callinet de Rouffach xixe siècle,
,,23,Église Saint-Nicolas ,"Département: Meurthe-et-Moselle<br>Commune: Nancy<br>Localisation: <br>Orgue: Orgue de tribune<br>partie instrumentale<br>Construction: DIDIER Henri 1897, un des meilleurs o.symphoniques de Nancy selon « PM54001316 »<br>Reprises: ",Meurthe-et-Moselle,Nancy,,"Orgue de tribune
partie instrumentale","DIDIER Henri 1897, un des meilleurs o.symphoniques de Nancy selon « PM54001316 »",
,,24,Église ,Département: Meurthe-et-Moselle<br>Commune: Nancy<br>Localisation: <br>Orgue: Saint-Pierre - Orgue de chœur<br>partie instrumentale<br>Construction: Probablement Claude-Ignace Callinet 1837<br>Reprises: ,Meurthe-et-Moselle,Nancy,,"Saint-Pierre - Orgue de chœur
partie instrumentale",Probablement Claude-Ignace Callinet 1837,
,,25,Église Saint-Sébastien,Département: Meurthe-et-Moselle<br>Commune: Nancy<br>Localisation: <br>Orgue: Orgue de tribune<br>partie instrumentale<br>Construction: Nicolas Dalstein & Johann-Karl Haerpfer 1881<br>Reprises: Restauré Laurent Plet & Jean-Bapt. Gaupillat 2004,Meurthe-et-Moselle,Nancy,,"Orgue de tribune
partie instrumentale",Nicolas Dalstein & Johann-Karl Haerpfer 1881,Restauré Laurent Plet & Jean-Bapt. Gaupillat 2004
,,26,Temple protestant ,Département: Meurthe-et-Moselle<br>Commune: Nancy<br>Localisation: <br>Orgue: Orgue<br>buffet<br>Construction: <br>Reprises: ,Meurthe-et-Moselle,Nancy,,"Orgue
buffet",,
,,27,Église Saint-Martin,"Département: Meurthe-et-Moselle<br>Commune: Pont-à-Mousson<br>Localisation: <br>Orgue: Orgue de tribune<br>buffet, partie instrumentale<br>Construction: Claude Legros 1704, agrandi & transformé Pierre Rivinach 1846<br>Reprises: ",Meurthe-et-Moselle,Pont-à-Mousson,,"Orgue de tribune
buffet, partie instrumentale","Claude Legros 1704, agrandi & transformé Pierre Rivinach 1846",
,,28,Église Saint-Pierre ,"Département: Meurthe-et-Moselle<br>Commune: Rosières-aux-Salines<br>Localisation: <br>Orgue: Orgue de tribune<br>buffet<br>Construction: Jean-Jodoc Vonesche1728(tourelle centrale du G.O.reste), reconstruction inachevée Jaquot-Jeanpierre 1873 (G.O. seul)<br>Reprises: Restauré Guerrier 2003 (ajout Récit & Pédale prévus par Jaquot)",Meurthe-et-Moselle,Rosières-aux-Salines,,"Orgue de tribune
buffet","Jean-Jodoc Vonesche1728(tourelle centrale du G.O.reste), reconstruction inachevée Jaquot-Jeanpierre 1873 (G.O. seul)",Restauré Guerrier 2003 (ajout Récit & Pédale prévus par Jaquot)
,,29,Basilique Saint-Nicolas,"Département: Meurthe-et-Moselle<br>Commune: Saint-Nicolas-de-Port<br>Localisation: <br>Orgue: Orgue de tribune<br>buffet<br>Construction: Joseph Cuvillier 1848, Jacquot-Lavergne (partie instrumentale entièrement neuve) 1956, Haerpfer (partie instrumentale entièrement neuve) 1994.<br>Reprises: Relevé et entièrement réharmonisé par Michel Gaillard de la manufacture Aubertin 2010",Meurthe-et-Moselle,Saint-Nicolas-de-Port,,"Orgue de tribune
buffet","Joseph Cuvillier 1848, Jacquot-Lavergne (partie instrumentale entièrement neuve) 1956, Haerpfer (partie instrumentale entièrement neuve) 1994.",Relevé et entièrement réharmonisé par Michel Gaillard de la manufacture Aubertin 2010
,,30,Église Saint-Gérard ,Département: Meurthe-et-Moselle<br>Commune: Sommerviller<br>Localisation: <br>Orgue: Orgue de tribune<br>partie instrumentale<br>Construction: <br>Reprises: ,Meurthe-et-Moselle,Sommerviller,,"Orgue de tribune
partie instrumentale",,
,,31,Cathédrale Saint-Étienne ,Département: Meurthe-et-Moselle<br>Commune: Toul<br>Localisation: <br>Orgue: Orgue<br>buffet<br>Construction: <br>Reprises: ,Meurthe-et-Moselle,Toul,,"Orgue
buffet",,
,,32,Église Saint-Gengoult,"Département: Meurthe-et-Moselle<br>Commune: Toul<br>Localisation: <br>Orgue: collégiale - Orgue de tribune<br>partie instrumentale<br>Construction: Jaquot-Jeanpierre & Cie 1879<br>Reprises: Relevages:Jaquot 1931, Marc Cicchéro 1982",Meurthe-et-Moselle,Toul,,"collégiale - Orgue de tribune
partie instrumentale",Jaquot-Jeanpierre & Cie 1879,"Relevages:Jaquot 1931, Marc Cicchéro 1982"
,,48,Église ,"Département: Meuse<br>Commune: Euville<br>Localisation: <br>Orgue: Saints Pierre & Paul - Orgue de chœur<br>buffet, partie instrumentale<br>Construction: Jaquot-Jeanpierre & Cie 1892<br>Reprises: restauration François Delangue 1985",Meuse,Euville,,"Saints Pierre & Paul - Orgue de chœur
buffet, partie instrumentale",Jaquot-Jeanpierre & Cie 1892,restauration François Delangue 1985
,,33,Église ,"Département: Meurthe-et-Moselle<br>Commune: Vézelise<br>Localisation: <br>Orgue: Saints Côme & Damien - Orgue de tribune<br>buffet, partie instrumentale<br>Construction: Georges Kuttinger1775 abbaye de Beaupré, transféré menuisier Augustin LAURENT & facteur Nicolas Génot 1793, modifié Joseph Cuvilliers 1840, Jean Blési 1880, Jacquot-Lavergne 1936<br>Reprises: Restauration Yves Kœnig 2007, retour à Kuttinger",Meurthe-et-Moselle,Vézelise,,"Saints Côme & Damien - Orgue de tribune
buffet, partie instrumentale","Georges Kuttinger1775 abbaye de Beaupré, transféré menuisier Augustin LAURENT & facteur Nicolas Génot 1793, modifié Joseph Cuvilliers 1840, Jean Blési 1880, Jacquot-Lavergne 1936","Restauration Yves Kœnig 2007, retour à Kuttinger"
,,34,Église ,"Département: Meurthe-et-Moselle<br>Commune: Villacourt<br>Localisation: <br>Orgue: Saint Martin - Orgue de tribune<br>partie instrumentale<br>Construction: Jean-Frédéric I Verschneider&ses fils: Jean-Frédéric II, Jean-Georges, Nicolas, DIDIER Henri supprime l'Echo 1906<br>Reprises: Nicolas TOUSSAINT de la Manufacture Bretonne d'Orgues 2000",Meurthe-et-Moselle,Villacourt,,"Saint Martin - Orgue de tribune
partie instrumentale","Jean-Frédéric I Verschneider&ses fils: Jean-Frédéric II, Jean-Georges, Nicolas, DIDIER Henri supprime l'Echo 1906",Nicolas TOUSSAINT de la Manufacture Bretonne d'Orgues 2000
,,35,Église ,"Département: Meurthe-et-Moselle<br>Commune: Villerupt<br>Localisation: <br>Orgue: Nativité de la Vierge - Orgue de tribune<br>buffet, partie instrumentale<br>Construction: Jean-Nicolas III JEANPIERRE 1856, modifié Charles DIDIER-VAN CASTER 1894, Jaquot 1929<br>Reprises: Restauration Jean-Baptiste Gaupillat 2012",Meurthe-et-Moselle,Villerupt,,"Nativité de la Vierge - Orgue de tribune
buffet, partie instrumentale","Jean-Nicolas III JEANPIERRE 1856, modifié Charles DIDIER-VAN CASTER 1894, Jaquot 1929",Restauration Jean-Baptiste Gaupillat 2012
,,36,Église Saint-Martin,"Département: Meuse<br>Commune: Ancerville<br>Localisation: <br>Orgue: Orgue de tribune<br>buffet, partie instrumentale<br>Construction: Jean RICHARD 1790, modifié 1868 Alexandre Jacquet,Jean Blési 1890<br>Reprises: Transformé Henri Jacquet 1901, électrifié Maurice PHILIPPE 1976",Meuse,Ancerville,,"Orgue de tribune
buffet, partie instrumentale","Jean RICHARD 1790, modifié 1868 Alexandre Jacquet,Jean Blési 1890","Transformé Henri Jacquet 1901, électrifié Maurice PHILIPPE 1976"
,,37,Église Saint-Brice,"Département: Meuse<br>Commune: Avioth<br>Localisation: <br>Orgue: Notre-Dame ouSt Brice - Orgue de tribune<br>buffet<br>Construction: Jean Boizard 1717 terminé par François Boudos 1720, restauré par père Joseph 1759<br>Reprises: Destruction 1917, reconstruction dans buffet ancien Joseph & Jean Gomrée (Belgique) 1970",Meuse,Avioth,,"Notre-Dame ouSt Brice - Orgue de tribune
buffet","Jean Boizard 1717 terminé par François Boudos 1720, restauré par père Joseph 1759","Destruction 1917, reconstruction dans buffet ancien Joseph & Jean Gomrée (Belgique) 1970"
,,38,basilique,"Département: Meuse<br>Commune: Bar-le-Duc<br>Localisation: <br>Orgue: basilique N.D. - Orgue de chœur<br>partie instrumentale<br>Construction: Abbés Larroque & Migne 1860, transformé Alexandre Jacquet 1868<br>Reprises: Transformation Maurice PHILIPPE 1975",Meuse,Bar-le-Duc,,"basilique N.D. - Orgue de chœur
partie instrumentale","Abbés Larroque & Migne 1860, transformé Alexandre Jacquet 1868",Transformation Maurice PHILIPPE 1975
,,39,basilique,"Département: Meuse<br>Commune: Bar-le-Duc<br>Localisation: <br>Orgue: basilique N.D. - Orgue de tribune<br>partie instrumentale<br>Construction: Alexandre Jacquet 1864, transformé Henri Jacquet 1896<br>Reprises: ",Meuse,Bar-le-Duc,,"basilique N.D. - Orgue de tribune
partie instrumentale","Alexandre Jacquet 1864, transformé Henri Jacquet 1896",
,,40,Église Saint-Antoine,"Département: Meuse<br>Commune: Bar-le-Duc<br>Localisation: <br>Orgue: Orgue de chœur<br>buffet, partie instrumentale<br>Construction: Alexandre Jacquet 1859<br>Reprises: ",Meuse,Bar-le-Duc,,"Orgue de chœur
buffet, partie instrumentale",Alexandre Jacquet 1859,
,,41,Église Saint-Étienne,"Département: Meuse<br>Commune: Bar-le-Duc<br>Localisation: <br>Orgue: Orgue de tribune<br>buffet, partie instrumentale, tribune<br>Construction: Nicolas Dupont 1771, seule façade positif subsiste, reconstruction Jean-François Vautrin & Antoine-François-Brice DIDELOT 1828<br>Reprises: Transformation Alexandre & Henri Jacquet 1892, électrification traction Maurice PHILIPPE 1978",Meuse,Bar-le-Duc,,"Orgue de tribune
buffet, partie instrumentale, tribune","Nicolas Dupont 1771, seule façade positif subsiste, reconstruction Jean-François Vautrin & Antoine-François-Brice DIDELOT 1828","Transformation Alexandre & Henri Jacquet 1892, électrification traction Maurice PHILIPPE 1978"
,,42,Église Saint-Georges ,Département: Meuse<br>Commune: Buxières-sous-les-Côtes<br>Localisation: <br>Orgue: Orgue<br>buffet<br>Construction: <br>Reprises: ,Meuse,Buxières-sous-les-Côtes,,"Orgue
buffet",,
,,43,Église Saint-Pantaléon ,"Département: Meuse<br>Commune: Commercy<br>Localisation: <br>Orgue: Orgue de tribune<br>partie instrumentale<br>Construction: Petit orgue d'occasion anonyme acheté 1802, transformation Antoine-Charles-Brice DIDELOT 1835, adjonction grand-corps Alexandre Jacquet 1848<br>Reprises: Transformations: Didier-Van-Caster&Kuhn 1911, Jacquot-Lavergne 1957, François Delange (basson 8'du Pos.) 1988",Meuse,Commercy,,"Orgue de tribune
partie instrumentale","Petit orgue d'occasion anonyme acheté 1802, transformation Antoine-Charles-Brice DIDELOT 1835, adjonction grand-corps Alexandre Jacquet 1848","Transformations: Didier-Van-Caster&Kuhn 1911, Jacquot-Lavergne 1957, François Delange (basson 8'du Pos.) 1988"
,,44,Église ,Département: Meuse<br>Commune: Cousances-les-Forges<br>Localisation: <br>Orgue: Saint Memmie - Orgue de tribune<br>partie instrumentale<br>Construction: Aristide Cavaillé-Coll 1868<br>Reprises: Agrandissement Louis Georgel 1942,Meuse,Cousances-les-Forges,,"Saint Memmie - Orgue de tribune
partie instrumentale",Aristide Cavaillé-Coll 1868,Agrandissement Louis Georgel 1942
,,45,Église de l'Annonciation-Notre-Dame ,Département: Meuse<br>Commune: Dammarie-sur-Saulx<br>Localisation: <br>Orgue: Orgue de tribune<br>orgue<br>Construction: <br>Reprises: ,Meuse,Dammarie-sur-Saulx,,"Orgue de tribune
orgue",,
,,46,Donchery Saint Onesime,"Département: <br>Commune: Donchery Saint Onesime<br>Localisation: <br>Orgue: <br>Construction: Jean Boizard 1702, pillé 14-18 et 39-45<br>Reprises: Sans tuyauterie, projet restauration 2014",,Donchery Saint Onesime,,,"Jean Boizard 1702, pillé 14-18 et 39-45","Sans tuyauterie, projet restauration 2014"
,,47,Église Notre-Dame-de-Bonne-Garde ,Département: Meuse<br>Commune: Dun-sur-Meuse<br>Localisation: <br>Orgue: Orgue de tribune<br>buffet<br>Construction: buffet vide de Jean Boizard 1710<br>Reprises: ,Meuse,Dun-sur-Meuse,,"Orgue de tribune
buffet",buffet vide de Jean Boizard 1710,
,,49,Chapelle de Fains-les-Sources,"Département: Meuse<br>Commune: Fains-Véel<br>Localisation: <br>Orgue: Orgue de tribune<br>buffet, partie instrumentale<br>Construction: Alexandre Jacquet 1860<br>Reprises: ",Meuse,Fains-Véel,,"Orgue de tribune
buffet, partie instrumentale",Alexandre Jacquet 1860,
,,50,Église Saint-Hilaire ,Département: Meuse<br>Commune: Longeville-en-Barrois<br>Localisation: <br>Orgue: Orgue de tribune<br>partie instrumentale<br>Construction: <br>Reprises: ,Meuse,Longeville-en-Barrois,,"Orgue de tribune
partie instrumentale",,
,,51,Église Saint-Pierre-aux-Liens ,Département: Meuse<br>Commune: Milly-sur-Bradon<br>Localisation: <br>Orgue: Orgue<br>buffet<br>Construction: <br>Reprises: ,Meuse,Milly-sur-Bradon,,"Orgue
buffet",,
,,52,Église ,Département: Meuse<br>Commune: Mognéville<br>Localisation: <br>Orgue: St Rémy - Orgue de tribune<br>partie instrumentale<br>Construction: Alexandre Jacquet 1852<br>Reprises: ,Meuse,Mognéville,,"St Rémy - Orgue de tribune
partie instrumentale",Alexandre Jacquet 1852,
,,53,Église ,Département: Meuse<br>Commune: Montmédy<br>Localisation: <br>Orgue: St Martin-Ville-Haute - Orgue de tribune<br>buffet<br>Construction: buffet vide xviiie siècle<br>Reprises: ,Meuse,Montmédy,,"St Martin-Ville-Haute - Orgue de tribune
buffet",buffet vide xviiie siècle,
,,54,Église Saint-Amant ,Département: Meuse<br>Commune: Rarécourt<br>Localisation: <br>Orgue: Orgue<br>buffet<br>Construction: <br>Reprises: ,Meuse,Rarécourt,,"Orgue
buffet",,
,,55,Église ,"Département: Meuse<br>Commune: Resson<br>Localisation: <br>Orgue: St Rémi - Orgue de tribune<br>buffet, partie instrumentale<br>Construction: Abbé Michel-Claude COLLIN 1754<br>Reprises: Transformations: Alexandre Jacquet 1844, Henri Jacquet 1906",Meuse,Resson,,"St Rémi - Orgue de tribune
buffet, partie instrumentale",Abbé Michel-Claude COLLIN 1754,"Transformations: Alexandre Jacquet 1844, Henri Jacquet 1906"
,,56,Église Saint-Pierre ,Département: Meuse<br>Commune: Revigny-sur-Ornain<br>Localisation: <br>Orgue: Orgue<br>buffet<br>Construction: <br>Reprises: ,Meuse,Revigny-sur-Ornain,,"Orgue
buffet",,
,,57,Abbatiale Saint-Michel,"Département: Meuse<br>Commune: Saint-Mihiel<br>Localisation: <br>Orgue: Orgue de chœur<br>buffet<br>Construction: Jean ADAM 1681, reconstruit Jean-François Vautrin 1792<br>Reprises: Transformé Jaquot-Jeanpierre & Cie 1881, reconstruit Théodore Jacquot & Fils 1931",Meuse,Saint-Mihiel,,"Orgue de chœur
buffet","Jean ADAM 1681, reconstruit Jean-François Vautrin 1792","Transformé Jaquot-Jeanpierre & Cie 1881, reconstruit Théodore Jacquot & Fils 1931"
,,58,Abbatiale ,"Département: Meuse<br>Commune: Saint-Mihiel<br>Localisation: <br>Orgue: St Michel, chœur - Orgue de tribune<br>buffet, tribune<br>Construction: Charles Didier-Van Caster 1899<br>Reprises: Restauration Théodore Jaquot & Fils",Meuse,Saint-Mihiel,,"St Michel, chœur - Orgue de tribune
buffet, tribune",Charles Didier-Van Caster 1899,Restauration Théodore Jaquot & Fils
,,59,Église ,"Département: Meuse<br>Commune: Stenay<br>Localisation: <br>Orgue: St Grégoire - Orgue de tribune<br>buffet<br>Construction: Jean Boizard inachevé décès 1717, fini parChristophe Moucherel 1719<br>Reprises: Démonté 1796, reconstruit Théodore Jaquot Fils 1927",Meuse,Stenay,,"St Grégoire - Orgue de tribune
buffet","Jean Boizard inachevé décès 1717, fini parChristophe Moucherel 1719","Démonté 1796, reconstruit Théodore Jaquot Fils 1927"
,,60,Église Saint-Laurent,"Département: Meuse<br>Commune: Vaucouleurs<br>Localisation: <br>Orgue: Orgue de chœur<br>buffet<br>Construction: Claude Moucherel 1744 pour St Martin de Sorcy, très transformé par Jean-François Vautrin, acheté en 1822<br>Reprises: Reconstruit 1867 Jean-Frédéric Verschneider II (Puttelange); agrandi & électrifié Collet Germain(1970), Gomrée Jean(1980) jamais achevé",Meuse,Vaucouleurs,,"Orgue de chœur
buffet","Claude Moucherel 1744 pour St Martin de Sorcy, très transformé par Jean-François Vautrin, acheté en 1822","Reconstruit 1867 Jean-Frédéric Verschneider II (Puttelange); agrandi & électrifié Collet Germain(1970), Gomrée Jean(1980) jamais achevé"
,,61,Église ,"Département: Meuse<br>Commune: Vaucouleurs<br>Localisation: <br>Orgue: St Laurent, chœur  Orgue de tribune<br>buffet, partie instrumentale<br>Construction: Alexandre Jacquet 1874<br>Reprises: Reparations: Jaquot-Jeanpierre 1893, Jean-Baptiste Clavert 1925",Meuse,Vaucouleurs,,"St Laurent, chœur  Orgue de tribune
buffet, partie instrumentale",Alexandre Jacquet 1874,"Reparations: Jaquot-Jeanpierre 1893, Jean-Baptiste Clavert 1925"
,,62,Cathédrale Notre-Dame,"Département: Meuse<br>Commune: Verdun<br>Localisation: <br>Orgue: Orgue de tribune<br>buffet<br>Construction: Nicolas Dupont 1767, très modifié Jaquot-Jeanpierre & Fils 1898<br>Reprises: Reconstr. Théo.Jacquot&Fils 1935, restauréDanion-Gonzalez 1986",Meuse,Verdun,,"Orgue de tribune
buffet","Nicolas Dupont 1767, très modifié Jaquot-Jeanpierre & Fils 1898","Reconstr. Théo.Jacquot&Fils 1935, restauréDanion-Gonzalez 1986"
,,63,Église Saint-Quirin,Département: Moselle<br>Commune: Abreschviller<br>Localisation: <br>Orgue: Orgue de tribune<br>partie instrumentale<br>Construction: <br>Reprises: ,Moselle,Abreschviller,,"Orgue de tribune
partie instrumentale",,
,,64,Église Saint-Rémi,"Département: Moselle<br>Commune: Bisping, Belles-Forêts<br>Localisation: <br>Orgue: Orgue de tribune<br>partie instrumentale<br>Construction: <br>Reprises: ",Moselle,"Bisping, Belles-Forêts",,"Orgue de tribune
partie instrumentale",,
,,65,Église ,"Département: Moselle<br>Commune: Bérig-Vintrange<br>Localisation: <br>Orgue: Saint-Hippolyte - Orgue de tribune<br>buffet, partie instrumentale<br>Construction: Nicolas Verschneider & Jean-Georges Kempf 1878<br>Reprises: Réparation Joseph Albert",Moselle,Bérig-Vintrange,,"Saint-Hippolyte - Orgue de tribune
buffet, partie instrumentale",Nicolas Verschneider & Jean-Georges Kempf 1878,Réparation Joseph Albert
,,66,Temple,"Département: Moselle<br>Commune: Berling<br>Localisation: <br>Orgue: Orgue de tribune<br>buffet, partie instrumentale<br>Construction: Georg Friederich Merckel 1723 pour St Pierre-le-Vieux de Strasbourg, modifié par François ADAM 1736, Jean-André Silbermann 1739, Georges Wegmann 1833<br>Reprises: Acheté et installé par Charles Wetzel 1846",Moselle,Berling,,"Orgue de tribune
buffet, partie instrumentale","Georg Friederich Merckel 1723 pour St Pierre-le-Vieux de Strasbourg, modifié par François ADAM 1736, Jean-André Silbermann 1739, Georges Wegmann 1833",Acheté et installé par Charles Wetzel 1846
,,67,Église ,"Département: Moselle<br>Commune: Biding<br>Localisation: <br>Orgue: Sainte Barbe - Orgue de tribune<br>buffet, partie instrumentale<br>Construction: Jean-Frédéric II Verschneider 1868<br>Reprises: Restauré Laurent Plet 2000",Moselle,Biding,,"Sainte Barbe - Orgue de tribune
buffet, partie instrumentale",Jean-Frédéric II Verschneider 1868,Restauré Laurent Plet 2000
,,82,Église,"Département: Moselle<br>Commune: Marange-Zondrange<br>Localisation: <br>Orgue: St-Martin - Orgue de tribune<br>buffet, partie instrumentale<br>Construction: Joseph Géant 1867, restauration André Guébel 1924<br>Reprises: Restauration en cours en 01-2012",Moselle,Marange-Zondrange,,"St-Martin - Orgue de tribune
buffet, partie instrumentale","Joseph Géant 1867, restauration André Guébel 1924",Restauration en cours en 01-2012
,,68,Église Saint-Étienne,"Département: Moselle<br>Commune: Boulay-Moselle<br>Localisation: <br>Orgue: Orgue de tribune<br>buffet, partie instrumentale<br>Construction: Le Picard Joseph 1727 pour l'abbaye de Villers-Bettnach, transfert & réparations Jean-Frédéric Verschneider 1827-48-93<br>Reprises: Restaurations Théo Haerpfer-Pierre Erman 1927-75",Moselle,Boulay-Moselle,,"Orgue de tribune
buffet, partie instrumentale","Le Picard Joseph 1727 pour l'abbaye de Villers-Bettnach, transfert & réparations Jean-Frédéric Verschneider 1827-48-93",Restaurations Théo Haerpfer-Pierre Erman 1927-75
,,69,Église ,Département: Moselle<br>Commune: Bourscheid<br>Localisation: <br>Orgue: Saint-Michel - Orgue de tribune<br>partie instrumentale<br>Construction: Wetzel Edgard buffet d'occasion 1889<br>Reprises: ,Moselle,Bourscheid,,"Saint-Michel - Orgue de tribune
partie instrumentale",Wetzel Edgard buffet d'occasion 1889,
,,70,Église Saint-Pancrace,Département: Moselle<br>Commune: Brettnach<br>Localisation: <br>Orgue: Orgue de tribune<br>orgue<br>Construction: <br>Reprises: ,Moselle,Brettnach,,"Orgue de tribune
orgue",,
,,71,Église ,"Département: Moselle<br>Commune: Dannelbourg<br>Localisation: <br>Orgue: St Jean-Baptiste - Orgue de tribune<br>buffet, partie instrumentale<br>Construction: Jean-François Vautrin à St Epvre de Nancy, transfert Jean-Nicolas JEANPIERRE 1873, reconstruit Adolphe Blanarsch 1928<br>Reprises: Restauration Denis Londe2010",Moselle,Dannelbourg,,"St Jean-Baptiste - Orgue de tribune
buffet, partie instrumentale","Jean-François Vautrin à St Epvre de Nancy, transfert Jean-Nicolas JEANPIERRE 1873, reconstruit Adolphe Blanarsch 1928",Restauration Denis Londe2010
,,72,Église Saint-Rémy,"Département: Moselle<br>Commune: Fénétrange<br>Localisation: <br>Orgue: Orgue de tribune<br>buffet, partie instrumentale, tribune<br>Construction: Anonyme abbaye de Vergaville, transfert et ajout positif Louis Geib 1793,reconstruction Adolphe Blanarsch 1928<br>Reprises: Reconstruit Georges Wegmann 1841,restauré Gaston Kern 1987",Moselle,Fénétrange,,"Orgue de tribune
buffet, partie instrumentale, tribune","Anonyme abbaye de Vergaville, transfert et ajout positif Louis Geib 1793,reconstruction Adolphe Blanarsch 1928","Reconstruit Georges Wegmann 1841,restauré Gaston Kern 1987"
,,73,Église ,"Département: Moselle<br>Commune: Gomelange<br>Localisation: <br>Orgue: St Martin - Orgue de tribune<br>partie instrumentale<br>Construction: Dalstein-Haerpfer 1870, façade en zinc 1923, Frédéric Haerpfer refait tuyaux de bois 1930<br>Reprises: Restauration Muhleisen 1994",Moselle,Gomelange,,"St Martin - Orgue de tribune
partie instrumentale","Dalstein-Haerpfer 1870, façade en zinc 1923, Frédéric Haerpfer refait tuyaux de bois 1930",Restauration Muhleisen 1994
,,74,Église Saint-Innocent,"Département: Moselle<br>Commune: Grosbliederstroff<br>Localisation: <br>Orgue: Orgue de tribune<br>buffet<br>Construction: Nicolas Verschneider & Jean-Georges Kempf 1868, pneumatisation Dalstein-Haerpfer 1901<br>Reprises: Restaurations: Blanarch & Berg 1949, Willy Meurer 1981&2000",Moselle,Grosbliederstroff,,"Orgue de tribune
buffet","Nicolas Verschneider & Jean-Georges Kempf 1868, pneumatisation Dalstein-Haerpfer 1901","Restaurations: Blanarch & Berg 1949, Willy Meurer 1981&2000"
,,75,Église Saint-Martin ,"Département: Moselle<br>Commune: Hayange<br>Localisation: <br>Orgue: Orgue de tribune<br>partie instrumentale<br>Construction: Dalstein-Haerpfer 1894(première traction pneumatique), réfection Montre Frédéric Haerpfer 1922<br>Reprises: Restau.1997 Manufacture Lorraine de G.O.Haerpfer, harmonisé Michel Garnier",Moselle,Hayange,,"Orgue de tribune
partie instrumentale","Dalstein-Haerpfer 1894(première traction pneumatique), réfection Montre Frédéric Haerpfer 1922","Restau.1997 Manufacture Lorraine de G.O.Haerpfer, harmonisé Michel Garnier"
,,76,Église Saint-Martin,"Département: Moselle<br>Commune: Hellimer<br>Localisation: <br>Orgue: Orgue de tribune<br>buffet<br>Construction: Peut-être Claude Legros avant 1740, transféré à la Révolution<br>Reprises: Reconstruction Nicolas Verschneider 1887",Moselle,Hellimer,,"Orgue de tribune
buffet","Peut-être Claude Legros avant 1740, transféré à la Révolution",Reconstruction Nicolas Verschneider 1887
,,77,Église Sainte-Croix,"Département: Moselle<br>Commune: Henridorff<br>Localisation: <br>Orgue: Orgue de tribune<br>buffet, partie instrumentale<br>Construction: Jean-Frédéric I Veschneider 1830 à Rohrbach-lès-Bitche,transféré R.Bartholomaei & Jean Blési 1899, remplacement Montre Henri Vondrasek 1930<br>Reprises: Restauré Nicolas Toussaint2007",Moselle,Henridorff,,"Orgue de tribune
buffet, partie instrumentale","Jean-Frédéric I Veschneider 1830 à Rohrbach-lès-Bitche,transféré R.Bartholomaei & Jean Blési 1899, remplacement Montre Henri Vondrasek 1930",Restauré Nicolas Toussaint2007
,,78,Abbatiale,Département: Moselle<br>Commune: Hesse<br>Localisation: <br>Orgue: Orgue de tribune<br>partie instrumentale<br>Construction: Jean-Nicolas Hesse 1862<br>Reprises: Restauré Jean-Georges Kœnig1971,Moselle,Hesse,,"Orgue de tribune
partie instrumentale",Jean-Nicolas Hesse 1862,Restauré Jean-Georges Kœnig1971
,,79,Église,"Département: Moselle<br>Commune: Hinckange<br>Localisation: <br>Orgue: Ste Lucie - Orgue de tribune<br>buffet, partie instrumentale<br>Construction: Joseph Dupont 1772(Montre & buffet) pour l'abbaye de Gorze, reconstruction Nicolas Dalstein & Johann Karl Haerpfer1883,avant le transfert de Gorze à Hinckange<br>Reprises: Entretien Jean-Baptiste Gaupillat 2011",Moselle,Hinckange,,"Ste Lucie - Orgue de tribune
buffet, partie instrumentale","Joseph Dupont 1772(Montre & buffet) pour l'abbaye de Gorze, reconstruction Nicolas Dalstein & Johann Karl Haerpfer1883,avant le transfert de Gorze à Hinckange",Entretien Jean-Baptiste Gaupillat 2011
,,80,Église,"Département: Moselle<br>Commune: Kédange-sur-Canner<br>Localisation: <br>Orgue: Saint-Rémi - Orgue de tribune<br>buffet, partie instrumentale<br>Construction: Christophe Moucherel pour l'abbaye de Bouzonville 1717, transfert & reconstruction dans buffet ancien Jean-Frédéric II Veschneider 1878<br>Reprises: Réfections: mécanisme Franz Staudt 1911, Montre Frédéric Haerpfer 1939,restauration 2005",Moselle,Kédange-sur-Canner,,"Saint-Rémi - Orgue de tribune
buffet, partie instrumentale","Christophe Moucherel pour l'abbaye de Bouzonville 1717, transfert & reconstruction dans buffet ancien Jean-Frédéric II Veschneider 1878","Réfections: mécanisme Franz Staudt 1911, Montre Frédéric Haerpfer 1939,restauration 2005"
,,81,Église Saint-Charles ,"Département: Moselle<br>Commune: Knutange<br>Localisation: <br>Orgue: Orgue de tribune<br>partie instrumentale<br>Construction: Johannes Klais (Bonn) 1912, restauration Joseph Albert<br>Reprises: Entretien Jean-Bapti. Gaupillat",Moselle,Knutange,,"Orgue de tribune
partie instrumentale","Johannes Klais (Bonn) 1912, restauration Joseph Albert",Entretien Jean-Bapti. Gaupillat
,,114,Musée instrumental ,Département: Vosges<br>Commune: Mirecourt<br>Localisation: <br>Orgue: Orgue à cylindres<br>partie instrumentale<br>Construction: Orgue à cylindres de Claude Timothée 1840<br>Reprises: ,Vosges,Mirecourt,,"Orgue à cylindres
partie instrumentale",Orgue à cylindres de Claude Timothée 1840,
,,83,Cathédrale Saint-Étienne ,"Département: Moselle<br>Commune: Metz<br>Localisation: <br>Orgue: Orgue de tribune<br>buffet, partie instrumentale<br>Construction: Jean Nollet St Siméon à Trèves1730,transfert & positif Johann Conrad Sauer1823; reconstruit Antoine Sauvage 1846, Charles Mutin1903<br>Reprises: Restauration Bernard Aubertin 1995",Moselle,Metz,,"Orgue de tribune
buffet, partie instrumentale","Jean Nollet St Siméon à Trèves1730,transfert & positif Johann Conrad Sauer1823; reconstruit Antoine Sauvage 1846, Charles Mutin1903",Restauration Bernard Aubertin 1995
,,84,Chapelle  Sainte-Chrétienne,"Département: Moselle<br>Commune: Metz<br>Localisation: <br>Orgue: Orgue de tribune<br>partie instrumentale<br>Construction: Frédéric Haerpfer 1848,nouvelle console 1939<br>Reprises: ",Moselle,Metz,,"Orgue de tribune
partie instrumentale","Frédéric Haerpfer 1848,nouvelle console 1939",
,,85,Église Notre-Dame-de-l'Assomption ,"Département: Moselle<br>Commune: Metz<br>Localisation: <br>Orgue: Orgue de tribune<br>buffet, partie instrumentale<br>Construction: Antoine Sauvage 1846, reconstruit Charles Mutin 1903<br>Reprises: ",Moselle,Metz,,"Orgue de tribune
buffet, partie instrumentale","Antoine Sauvage 1846, reconstruit Charles Mutin 1903",
,,86,cathedrale ,"Département: Moselle<br>Commune: Metz<br>Localisation: <br>Orgue: St Étienne - Orgue de tribune<br>buffet, partie instrumentale<br>Construction: Jehan de Trèves 1536, reconstructions: Claude Legros 1690,Frédéric Haerpfer 1936<br>Reprises: Réfection Marc Garnier (Pays-Bas 1600) 1981",Moselle,Metz,,"St Étienne - Orgue de tribune
buffet, partie instrumentale","Jehan de Trèves 1536, reconstructions: Claude Legros 1690,Frédéric Haerpfer 1936",Réfection Marc Garnier (Pays-Bas 1600) 1981
,,87,"Église Saint Martin, ","Département: Moselle<br>Commune: Moyenvic<br>Localisation: <br>Orgue: Saint-Martin, ou Saint-Pient,-Saint-Agent-et-Sainte-Colombe - Orgue<br>buffet<br>Construction: Roman Benedikt Nollet pour abbaye de Klausen 1773, transfert à Metz Pierre Grandjean 1803, modifications:Daublaine Callinet1843,Jean-Frédéric II Verschneider 1876, Edmond-Alexandre Roethinger 1950<br>Reprises: Relevage Jean-Baptiste Gaupillat 2004",Moselle,Moyenvic,,"Saint-Martin, ou Saint-Pient,-Saint-Agent-et-Sainte-Colombe - Orgue
buffet","Roman Benedikt Nollet pour abbaye de Klausen 1773, transfert à Metz Pierre Grandjean 1803, modifications:Daublaine Callinet1843,Jean-Frédéric II Verschneider 1876, Edmond-Alexandre Roethinger 1950",Relevage Jean-Baptiste Gaupillat 2004
,,88,Église ,"Département: Moselle<br>Commune: Ottange<br>Localisation: <br>Orgue: St Willibrord - Orgue de tribune<br>partie instrumentale<br>Construction: Dalstein-Haerpfer, inachevé 1869, complété 1911<br>Reprises: Restauration Joseph Albert 1947",Moselle,Ottange,,"St Willibrord - Orgue de tribune
partie instrumentale","Dalstein-Haerpfer, inachevé 1869, complété 1911",Restauration Joseph Albert 1947
,,89,Église,"Département: Moselle<br>Commune: Oudrenne<br>Localisation: <br>Orgue: Sainte-Marguerite - Orgue de tribune<br>buffet, partie instrumentale<br>Construction: Jean Nollet vers 1730, transfert et modification Jean-Frédéric II Vesrchneider 1876, modifié Haerpfer-Ermann 1958, Hugo Mayer 1967<br>Reprises: ",Moselle,Oudrenne,,"Sainte-Marguerite - Orgue de tribune
buffet, partie instrumentale","Jean Nollet vers 1730, transfert et modification Jean-Frédéric II Vesrchneider 1876, modifié Haerpfer-Ermann 1958, Hugo Mayer 1967",
,,90,Église de l'Assomption,"Département: Moselle<br>Commune: Phalsbourg<br>Localisation: <br>Orgue: Notre-Dame de l'Assomption- Orgue de tribune<br>partie instrumentale<br>Construction: Martin Rinckenbach1896, traction mécanique, inchangé sauf Montre réquisitionnée remplacée Frédéric Haerpfer 1923<br>Reprises: Restauration Yves Kœnig 1993",Moselle,Phalsbourg,,"Notre-Dame de l'Assomption- Orgue de tribune
partie instrumentale","Martin Rinckenbach1896, traction mécanique, inchangé sauf Montre réquisitionnée remplacée Frédéric Haerpfer 1923",Restauration Yves Kœnig 1993
,,91,Église de l'Immaculée-Conception  ,"Département: Moselle<br>Commune: Phalsbourg, Trois-Maisons<br>Localisation: <br>Orgue: Orgue de tribune<br>buffet, partie instrumentale<br>Construction: Andreas Muller (élève d'Arp Schnitger) 1719, transféré & transformé Charles Wetzel 1880<br>Reprises: Restauré 1988 François Delangue",Moselle,"Phalsbourg, Trois-Maisons",,"Orgue de tribune
buffet, partie instrumentale","Andreas Muller (élève d'Arp Schnitger) 1719, transféré & transformé Charles Wetzel 1880",Restauré 1988 François Delangue
,,92,Église Saint Calixte ,Département: Moselle<br>Commune: Pontpierre<br>Localisation: <br>Orgue: Orgue de tribune<br>totalité de l'instrument<br>Construction: <br>Reprises: ,Moselle,Pontpierre,,"Orgue de tribune
totalité de l'instrument",,
,,93,Abbatiale,"Département: Moselle<br>Commune: Saint-Avold<br>Localisation: <br>Orgue: Saint-Nabor - Orgue de tribune<br>buffet, tribune<br>Construction: Barthélémy Chevreux 1770, modifié Jean-Frédéric Vesrchneider,Joseph Merklin & Alfred Klem 1909<br>Reprises: Restauration Yves Kœnig 1987",Moselle,Saint-Avold,,"Saint-Nabor - Orgue de tribune
buffet, tribune","Barthélémy Chevreux 1770, modifié Jean-Frédéric Vesrchneider,Joseph Merklin & Alfred Klem 1909",Restauration Yves Kœnig 1987
,,94,Temple de Saint-Avold,"Département: Moselle<br>Commune: Saint-Avold<br>Localisation: <br>Orgue: temple protestant - Orgue de tribune<br>buffet, partie instrumentale<br>Construction: Heinrich Voit & Fils 1889, seul changement: Montre Frédéric Haerpfer 1924<br>Reprises: ",Moselle,Saint-Avold,,"temple protestant - Orgue de tribune
buffet, partie instrumentale","Heinrich Voit & Fils 1889, seul changement: Montre Frédéric Haerpfer 1924",
,,95,Église,"Département: Moselle<br>Commune: Saint-Quirin<br>Localisation: <br>Orgue: eglise Priorale - Orgue de tribune<br>buffet, partie instrumentale, tribune<br>Construction: Jean-André Silbermann 1746, mise au ton moderne Franz Staud 1904, Frédéric Haerpfer remplace Montre en 1928 et restaure 1942<br>Reprises: Restauration à l'identique Alfred Kern 1969",Moselle,Saint-Quirin,,"eglise Priorale - Orgue de tribune
buffet, partie instrumentale, tribune","Jean-André Silbermann 1746, mise au ton moderne Franz Staud 1904, Frédéric Haerpfer remplace Montre en 1928 et restaure 1942",Restauration à l'identique Alfred Kern 1969
,,96,Église Saint-Nicolas,"Département: Moselle<br>Commune: Sarreguemines<br>Localisation: <br>Orgue: Orgue de tribune<br>buffet, tribune<br>Construction: Anonyme collège Jésuites de Pont-à-Mousson, 2e quart 18e s., transfert Michel Verschneider 1769, Montre neuve Frédéric Haerpfer 1924<br>Reprises: Restauration Yves Kœnig1992",Moselle,Sarreguemines,,"Orgue de tribune
buffet, tribune","Anonyme collège Jésuites de Pont-à-Mousson, 2e quart 18e s., transfert Michel Verschneider 1769, Montre neuve Frédéric Haerpfer 1924",Restauration Yves Kœnig1992
,,97,Église Saint-Maximin,"Département: Moselle<br>Commune: Thionville<br>Localisation: <br>Orgue: Orgue de tribune<br>buffet<br>Construction: Claude Legros 1704 abbaye de Rettel, remontage Jean Nau 1759, agrandissement avec o. acheté à l'abbaye St-Clément de Metz Georges Dondeine 1792<br>Reprises: Restaurations: Antoine Sauvage 1848, Dalstein-Haerpfer 1870, Alfred Kern1969",Moselle,Thionville,,"Orgue de tribune
buffet","Claude Legros 1704 abbaye de Rettel, remontage Jean Nau 1759, agrandissement avec o. acheté à l'abbaye St-Clément de Metz Georges Dondeine 1792","Restaurations: Antoine Sauvage 1848, Dalstein-Haerpfer 1870, Alfred Kern1969"
,,98,Église Saint-Pierre ,Département: Moselle<br>Commune: Torcheville<br>Localisation: <br>Orgue: Orgue de tribune<br>buffet<br>Construction: <br>Reprises: ,Moselle,Torcheville,,"Orgue de tribune
buffet",,
,,99,Temple de Zilling,Département: Moselle<br>Commune: Zilling<br>Localisation: <br>Orgue: Orgue de tribune<br>partie instrumentale<br>Construction: Frères Stiehr Théodore & Auguste 1883<br>Reprises: Restauration Freddy Bauer (Sarralbe)2002,Moselle,Zilling,,"Orgue de tribune
partie instrumentale",Frères Stiehr Théodore & Auguste 1883,Restauration Freddy Bauer (Sarralbe)2002
,,100,Église Saint-Colomban,"Département: Vosges<br>Commune: Bains-les-Bains<br>Localisation: <br>Orgue: Orgue de tribune<br>partie instrumentale<br>Construction: Nicolas-Antoine LÉTÉ 1843, transformé Henri DIDIER 1901<br>Reprises: Restauration état LÉTÉ Christian Guerrier 1986",Vosges,Bains-les-Bains,,"Orgue de tribune
partie instrumentale","Nicolas-Antoine LÉTÉ 1843, transformé Henri DIDIER 1901",Restauration état LÉTÉ Christian Guerrier 1986
,,101,Église Saint-Maur ,Département: Vosges<br>Commune: Bouxurulles<br>Localisation: <br>Orgue: Orgue<br>buffet<br>Construction: <br>Reprises: ,Vosges,Bouxurulles,,"Orgue
buffet",,
,,102,Église,"Département: Vosges<br>Commune: Bulgnéville<br>Localisation: <br>Orgue: Saints Pierre-et-Paul - Orgue de tribune<br>buffet, partie instrumentale<br>Construction: Reconstruction de l'ancien orgue des Récollets 1792 Antonin Filipowicz 1854, modifié Henri DIDIER 1884<br>Reprises: Restauré Antoine Bois 1999",Vosges,Bulgnéville,,"Saints Pierre-et-Paul - Orgue de tribune
buffet, partie instrumentale","Reconstruction de l'ancien orgue des Récollets 1792 Antonin Filipowicz 1854, modifié Henri DIDIER 1884",Restauré Antoine Bois 1999
,,103,Église Notre-Dame ,"Département: Vosges<br>Commune: Champ-le-Duc<br>Localisation: <br>Orgue: Orgue de tribune<br>buffet, partie instrumentale<br>Construction: Nicolas Dupont 1781, transformé Jaquot-Jeanpierre 1871<br>Reprises: Restauré Bernard Dargassies 1990",Vosges,Champ-le-Duc,,"Orgue de tribune
buffet, partie instrumentale","Nicolas Dupont 1781, transformé Jaquot-Jeanpierre 1871",Restauré Bernard Dargassies 1990
,,104,Église,"Département: Vosges<br>Commune: Coinches<br>Localisation: <br>Orgue: Saint-Claude - Orgue de tribune<br>partie instrumentale<br>Construction: Jean-Nicolas III JEANPIERRE 1835 avec ajout positif 1848, relevé Jean-Christian Guerrier 2005<br>Reprises: Restauré 1989 Danion- Gonzalez-Dargassies",Vosges,Coinches,,"Saint-Claude - Orgue de tribune
partie instrumentale","Jean-Nicolas III JEANPIERRE 1835 avec ajout positif 1848, relevé Jean-Christian Guerrier 2005",Restauré 1989 Danion- Gonzalez-Dargassies
,,105,Église Saint-Nicolas ,"Département: Vosges<br>Commune: La Croix-aux-Mines<br>Localisation: <br>Orgue: Orgue de tribune<br>buffet, partie instrumentale<br>Construction: <br>Reprises: ",Vosges,La Croix-aux-Mines,,"Orgue de tribune
buffet, partie instrumentale",,
,,106,Église,"Département: Vosges<br>Commune: Darney<br>Localisation: <br>Orgue: Ste-Madeleine - Orgue de tribune<br>buffet, partie instrumentale<br>Construction: Jean-Nicolas III JEANPIERRE 1853, modifié Jaquot-Jeanpierre & Cie 1892<br>Reprises: Restau.Nicolas Martel 2008",Vosges,Darney,,"Ste-Madeleine - Orgue de tribune
buffet, partie instrumentale","Jean-Nicolas III JEANPIERRE 1853, modifié Jaquot-Jeanpierre & Cie 1892",Restau.Nicolas Martel 2008
,,107,Église,"Département: Vosges<br>Commune: Dompaire<br>Localisation: <br>Orgue: Saint-Nicolas - Orgue de tribune<br>partie instrumentale<br>Construction: Jean-Baptiste JEANPIERRE 1821 pour l'église Sainte-Libaire de Rambervillers, transféré Jean-Nicolas III JEANPIERRE 1850, transformé Henri DIDIER 1892<br>Reprises: ",Vosges,Dompaire,,"Saint-Nicolas - Orgue de tribune
partie instrumentale","Jean-Baptiste JEANPIERRE 1821 pour l'église Sainte-Libaire de Rambervillers, transféré Jean-Nicolas III JEANPIERRE 1850, transformé Henri DIDIER 1892",
,,108,Église,"Département: Vosges<br>Commune: Haillainville<br>Localisation: <br>Orgue: Saint-Evre - Orgue de tribune<br>buffet, partie instrumentale<br>Construction: Jean-Nicolas III JEANPIERRE 1862, complété récit expressif 1872<br>Reprises: ",Vosges,Haillainville,,"Saint-Evre - Orgue de tribune
buffet, partie instrumentale","Jean-Nicolas III JEANPIERRE 1862, complété récit expressif 1872",
,,109,Église,"Département: Vosges<br>Commune: Igney<br>Localisation: <br>Orgue: Saint-Nicolas ou Notre-Dame - Orgue de tribune<br>buffet, partie instrumentale<br>Construction: Antoine Grossir 1841, modifié Jaquot-Jeanpierre 1889 puis Henri DIDIER 1898<br>Reprises: ",Vosges,Igney,,"Saint-Nicolas ou Notre-Dame - Orgue de tribune
buffet, partie instrumentale","Antoine Grossir 1841, modifié Jaquot-Jeanpierre 1889 puis Henri DIDIER 1898",
,,110,Église,Département: Vosges<br>Commune: Jeuxey<br>Localisation: <br>Orgue: Saint-Guérin - Orgue de tribune<br>partie instrumentale<br>Construction: Nicolas-Théodore Jaquot 1886<br>Reprises: ,Vosges,Jeuxey,,"Saint-Guérin - Orgue de tribune
partie instrumentale",Nicolas-Théodore Jaquot 1886,
,,111,Église,"Département: Vosges<br>Commune: Lamarche<br>Localisation: <br>Orgue: N.D.de l'Assomption - Orgue de tribune<br>buffet, partie instrumentale, tribune<br>Construction: Nicolas-Antoine LÉTÉ 1842, transformé Henri Didier 1896<br>Reprises: ",Vosges,Lamarche,,"N.D.de l'Assomption - Orgue de tribune
buffet, partie instrumentale, tribune","Nicolas-Antoine LÉTÉ 1842, transformé Henri Didier 1896",
,,112,Église Saint-Nicolas,Département: Vosges<br>Commune: Mazeley<br>Localisation: <br>Orgue: Orgue de tribune<br>partie instrumentale<br>Construction: <br>Reprises: ,Vosges,Mazeley,,"Orgue de tribune
partie instrumentale",,
,,113,Église ,"Département: Vosges<br>Commune: Mirecourt<br>Localisation: <br>Orgue: Notre-Dame OU Nativité-de-Notre-Dame - Orgue de tribune<br>buffet, partie instrumentale, tribune<br>Construction: Jean-Baptiste Gavot 1826, agrandi: Nicolas-Antoine LÉTÉ 1852, puis Dalstein-Haerpfer 1881, transformé Joseph Voegtle 1926<br>Reprises: Restauré Gaston Kern 1987",Vosges,Mirecourt,,"Notre-Dame OU Nativité-de-Notre-Dame - Orgue de tribune
buffet, partie instrumentale, tribune","Jean-Baptiste Gavot 1826, agrandi: Nicolas-Antoine LÉTÉ 1852, puis Dalstein-Haerpfer 1881, transformé Joseph Voegtle 1926",Restauré Gaston Kern 1987
,,115,Église ,"Département: Vosges<br>Commune: Monthureux-sur-Saône<br>Localisation: <br>Orgue: St Michel - Orgue de tribune<br>partie instrumentale<br>Construction: Nicolas-Antoine LÉTÉ 1844, transformé Henri DIDIER 1894, complété Edmond-Alexandre Roethinger 1934<br>Reprises: ",Vosges,Monthureux-sur-Saône,,"St Michel - Orgue de tribune
partie instrumentale","Nicolas-Antoine LÉTÉ 1844, transformé Henri DIDIER 1894, complété Edmond-Alexandre Roethinger 1934",
,,116,Abbaye de Moyenmoutier,"Département: Vosges<br>Commune: Moyenmoutier<br>Localisation: <br>Orgue: abbatiale St-Hydulphe - Orgue de tribune<br>buffet, partie instrumentale<br>Construction: Charles DIDIER 1880, remonté Ernest-Théodore Jaquot 1920<br>Reprises: ",Vosges,Moyenmoutier,,"abbatiale St-Hydulphe - Orgue de tribune
buffet, partie instrumentale","Charles DIDIER 1880, remonté Ernest-Théodore Jaquot 1920",
,,117,Église Saint-Christophe ,"Département: Vosges<br>Commune: Neufchâteau<br>Localisation: <br>Orgue: Orgue de tribune<br>buffet, partie instrumentale<br>Construction: Jean Treuillot 1650, agrandi Joseph Gérardin 1689 puis Jean-Baptiste Gavot 1823&38, modifié Charles DIDIER 1879, déplacé Jaquot-Jeanpierre 1888<br>Reprises: Réparé Duhamel 1955",Vosges,Neufchâteau,,"Orgue de tribune
buffet, partie instrumentale","Jean Treuillot 1650, agrandi Joseph Gérardin 1689 puis Jean-Baptiste Gavot 1823&38, modifié Charles DIDIER 1879, déplacé Jaquot-Jeanpierre 1888",Réparé Duhamel 1955
,,118,Église Saint-Nicolas ,"Département: Vosges<br>Commune: Neufchâteau<br>Localisation: <br>Orgue: Orgue de chœur<br>partie instrumentale<br>Construction: Jean Treuillot 1684, transformé Charles 1861 puis Henri DIDIER 1892&1900<br>Reprises: Restauré Curt Schwenkedel 1964",Vosges,Neufchâteau,,"Orgue de chœur
partie instrumentale","Jean Treuillot 1684, transformé Charles 1861 puis Henri DIDIER 1892&1900",Restauré Curt Schwenkedel 1964
,,119,Église Saint-Nicolas ,"Département: Vosges<br>Commune: Neufchâteau<br>Localisation: <br>Orgue: Orgue de tribune<br>buffet, partie instrumentale<br>Construction: Orgue d'occasion remonté & modifié par Henri DIDIER 1895<br>Reprises: Restauré Laurent PLET 1991",Vosges,Neufchâteau,,"Orgue de tribune
buffet, partie instrumentale",Orgue d'occasion remonté & modifié par Henri DIDIER 1895,Restauré Laurent PLET 1991
,,120,Église Saint-Amé ,"Département: Vosges<br>Commune: Plombières-les-Bains<br>Localisation: <br>Orgue: Orgue de tribune<br>buffet, partie instrumentale, tribune<br>Construction: Nicolas-Théodore JAQUOT & Marcel DIDIER 1883<br>Reprises: Restauré Bernard Dargassies 1988",Vosges,Plombières-les-Bains,,"Orgue de tribune
buffet, partie instrumentale, tribune",Nicolas-Théodore JAQUOT & Marcel DIDIER 1883,Restauré Bernard Dargassies 1988
,,121,Église Sainte-Libaire ,"Département: Vosges<br>Commune: Rambervillers<br>Localisation: <br>Orgue: Orgue de tribune<br>partie instrumentale<br>Construction: Jean-Nicolas III JEANPIERRE 1850, agrandi JAQUOT-JEANPIERRE, & Cie 1889 puis & Fils 1896<br>Reprises: Restauré 1983 Danion- Gonzalez-Dargassies",Vosges,Rambervillers,,"Orgue de tribune
partie instrumentale","Jean-Nicolas III JEANPIERRE 1850, agrandi JAQUOT-JEANPIERRE, & Cie 1889 puis & Fils 1896",Restauré 1983 Danion- Gonzalez-Dargassies
,,122,Église Saint-Gengoult ,"Département: Vosges<br>Commune: Taintrux<br>Localisation: <br>Orgue: Orgue de tribune<br>buffet, partie instrumentale<br>Construction: Jean-Nicolas III JEANPIERRE 1848, modifié Nicolas-Théodore Jaquot 1898<br>Reprises: Restauré Guerrier Jean-Christian 2005",Vosges,Taintrux,,"Orgue de tribune
buffet, partie instrumentale","Jean-Nicolas III JEANPIERRE 1848, modifié Nicolas-Théodore Jaquot 1898",Restauré Guerrier Jean-Christian 2005
,,123,Église Saint-Lambert ,"Département: Vosges<br>Commune: Vagney<br>Localisation: <br>Orgue: Orgue de tribune<br>buffet, partie instrumentale<br>Construction: Sébastien Garnier entre 1750 & 1760, modifié Henri DIDIER 1900<br>Reprises: Réparé Jacquot-Lavergne 1951",Vosges,Vagney,,"Orgue de tribune
buffet, partie instrumentale","Sébastien Garnier entre 1750 & 1760, modifié Henri DIDIER 1900",Réparé Jacquot-Lavergne 1951
