X,Y,gid,Name,description,D__partement,Commune,Orgue
,,1,Église Saint-Dominique de Bonifacio,"Département: Corse-du-Sud<br>Commune: Bonifacio<br>Orgue: Orgue de tribune<br>buffet, partie instrumentale, tribune",Corse-du-Sud,Bonifacio,"Orgue de tribune
buffet, partie instrumentale, tribune"
,,2,"Église notre-dame de l'Assomption, Olmeto",Département: Corse-du-Sud<br>Commune: Olmeto<br>Orgue: Orgue de tribune<br>partie instrumentale,Corse-du-Sud,Olmeto,"Orgue de tribune
partie instrumentale"
,,3,"Saint-Georges, Algajola","Département: Haute-Corse<br>Commune: Algajola<br>Orgue: Orgue de tribune<br>buffet, partie instrumentale, tribune",Haute-Corse,Algajola,"Orgue de tribune
buffet, partie instrumentale, tribune"
,,4,Église de la confrérie Sainte-Croix,Département: Haute-Corse<br>Commune: Bastia<br>Orgue: Orgue de tribune<br>partie instrumentale,Haute-Corse,Bastia,"Orgue de tribune
partie instrumentale"
,,5,Église Saint-Jean-Baptiste de Bastia,"Département: Haute-Corse<br>Commune: Bastia<br>Orgue: Orgue de tribune<br>buffet, tribune",Haute-Corse,Bastia,"Orgue de tribune
buffet, tribune"
,,6,Église Saint-Roch de Bastia,"Département: Haute-Corse<br>Commune: Bastia<br>Orgue: Orgue de tribune<br>buffet, tribune",Haute-Corse,Bastia,"Orgue de tribune
buffet, tribune"
,,7,"Église ND de l'Annonciation,  Brando","Département: Haute-Corse<br>Commune: Brando<br>Orgue: Orgue de tribune<br>buffet, tribune",Haute-Corse,Brando,"Orgue de tribune
buffet, tribune"
,,8,"eglise San Biasgiu,  Calenzana",Département: Haute-Corse<br>Commune: Calenzana<br>Orgue: Orgue de tribune<br>partie instrumentale,Haute-Corse,Calenzana,"Orgue de tribune
partie instrumentale"
,,9,Église Sainte-Marie de Calvi,Département: Haute-Corse<br>Commune: Calvi<br>Orgue: Orgue de tribune<br>partie instrumentale,Haute-Corse,Calvi,"Orgue de tribune
partie instrumentale"
,,10,Pro-cathédrale Saint-Jean-Baptiste de Calvi,Département: Haute-Corse<br>Commune: Calvi<br>Orgue: Orgue de tribune<br>partie instrumentale,Haute-Corse,Calvi,"Orgue de tribune
partie instrumentale"
,,11,"Église Saint-François, Canari","Département: Haute-Corse<br>Commune: Canari<br>Orgue: Orgue de tribune<br>buffet, partie instrumentale, tribune",Haute-Corse,Canari,"Orgue de tribune
buffet, partie instrumentale, tribune"
,,12,Église Sainte-Marguerite de Carcheto-Brustico,Département: Haute-Corse<br>Commune: Carcheto-Brustico<br>Orgue: Orgue de tribune<br>buffet,Haute-Corse,Carcheto-Brustico,"Orgue de tribune
buffet"
,,13,Église Saint-François de Castifao,Département: Haute-Corse<br>Commune: Castifao<br>Orgue: Orgue de tribune<br>partie instrumentale,Haute-Corse,Castifao,"Orgue de tribune
partie instrumentale"
,,14,Église de l'Annonciation de Corbara,"Département: Haute-Corse<br>Commune: Corbara<br>Orgue: Orgue de tribune<br>buffet, partie instrumentale, tribune",Haute-Corse,Corbara,"Orgue de tribune
buffet, partie instrumentale, tribune"
,,15,Chapelle Sainte-Croix de Corte,Département: Haute-Corse<br>Commune: Corte<br>Orgue: Orgue de tribune<br>orgue,Haute-Corse,Corte,"Orgue de tribune
orgue"
,,16,Église Notre-Dame-de-l'Annonciade de Corte,Département: Haute-Corse<br>Commune: Corte<br>Orgue: Orgue de tribune<br>partie instrumentale,Haute-Corse,Corte,"Orgue de tribune
partie instrumentale"
,,17,eglise ,"Département: Haute-Corse<br>Commune: Costa<br>Orgue: eglise paroissiale Saint-Sauveur, Orgue de tribune<br>buffet, partie instrumentale, tribune",Haute-Corse,Costa,"eglise paroissiale Saint-Sauveur, Orgue de tribune
buffet, partie instrumentale, tribune"
,,18,eglise ,"Département: Haute-Corse<br>Commune: Feliceto<br>Orgue: eglise Saint-Nicolas, Orgue de tribune<br>buffet, partie instrumentale",Haute-Corse,Feliceto,"eglise Saint-Nicolas, Orgue de tribune
buffet, partie instrumentale"
,,19,Église Sainte-Marie de Lumio,"Département: Haute-Corse<br>Commune: Lumio<br>Orgue: Orgue de tribune<br>buffet, partie instrumentale",Haute-Corse,Lumio,"Orgue de tribune
buffet, partie instrumentale"
,,20,eglise ,"Département: Haute-Corse<br>Commune: Luri<br>Orgue: eglise Saint-Pierre Orgue de tribune<br>buffet, partie instrumentale, tribune",Haute-Corse,Luri,"eglise Saint-Pierre Orgue de tribune
buffet, partie instrumentale, tribune"
,,21,Église ,"Département: Haute-Corse<br>Commune: Montegrosso<br>Orgue: Église Saint-Augustin-de-Montemaggiore, Orgue de tribune<br>buffet, tribune",Haute-Corse,Montegrosso,"Église Saint-Augustin-de-Montemaggiore, Orgue de tribune
buffet, tribune"
,,22,"Église Sainte-Julie, Nonza",Département: Haute-Corse<br>Commune: Nonza<br>Orgue: Orgue de tribune<br>partie instrumentale,Haute-Corse,Nonza,"Orgue de tribune
partie instrumentale"
,,23,Église ,"Département: Haute-Corse<br>Commune: Occhiatana <br>Orgue: eglise Saint-Barthélemy, Orgue de tribune<br>buffet, partie instrumentale, tribune",Haute-Corse,Occhiatana ,"eglise Saint-Barthélemy, Orgue de tribune
buffet, partie instrumentale, tribune"
,,24,"Église Notre-Dame-de-l'Assomption,  Palasca","Département: Haute-Corse<br>Commune: Palasca<br>Orgue: Orgue de tribune<br>buffet, partie instrumentale, tribune",Haute-Corse,Palasca,"Orgue de tribune
buffet, partie instrumentale, tribune"
,,25,eglise,"Département: Haute-Corse<br>Commune: Piedicroce<br>Orgue: eglise Saints-Pierre-et-Paul, Orgue de tribune<br>buffet, partie instrumentale, tribune",Haute-Corse,Piedicroce,"eglise Saints-Pierre-et-Paul, Orgue de tribune
buffet, partie instrumentale, tribune"
,,26,eglise ,"Département: Haute-Corse<br>Commune: Pino<br>Orgue: Notre-Dame-de-l'Assomption , Orgue de tribune<br>buffet, partie instrumentale, tribune",Haute-Corse,Pino,"Notre-Dame-de-l'Assomption , Orgue de tribune
buffet, partie instrumentale, tribune"
,,27,eglise ,"Département: Haute-Corse<br>Commune: Pioggiola<br>Orgue: Santa-Maria-Assunta, Orgue de tribune<br>partie instrumentale",Haute-Corse,Pioggiola,"Santa-Maria-Assunta, Orgue de tribune
partie instrumentale"
,,28,Église Saint-Jean-Baptiste de La Porta,"Département: Haute-Corse<br>Commune: La Porta<br>Orgue: Orgue de tribune<br>banc, buffet, partie instrumentale, tribune",Haute-Corse,La Porta,"Orgue de tribune
banc, buffet, partie instrumentale, tribune"
,,29,Église Sant Agnellu de Rogliano,Département: Haute-Corse<br>Commune: Rogliano<br>Orgue: Orgue de chœur<br>partie instrumentale,Haute-Corse,Rogliano,"Orgue de chœur
partie instrumentale"
,,30,Église Sant Agnellu de Rogliano,"Département: Haute-Corse<br>Commune: Rogliano<br>Orgue: Orgue de tribune<br>buffet, partie instrumentale, tribune",Haute-Corse,Rogliano,"Orgue de tribune
buffet, partie instrumentale, tribune"
,,31,Église de l'Annonciation de Sant'Antonino,"Département: Haute-Corse<br>Commune: Sant'Antonino<br>Orgue: Orgue de tribune<br>buffet, partie instrumentale, tribune",Haute-Corse,Sant'Antonino,"Orgue de tribune
buffet, partie instrumentale, tribune"
,,32,eglise ,"Département: Haute-Corse<br>Commune: Zilia<br>Orgue: Saint-Roch, Orgue de tribune<br>banc, buffet, partie instrumentale",Haute-Corse,Zilia,"Saint-Roch, Orgue de tribune
banc, buffet, partie instrumentale"
