X,Y,gid,Name,description,D__partement,Commune,Orgue
,,1,Église Notre-Dame d'Auxonne,"Département: Côte-d'Or<br>Commune: Auxonne<br>Orgue: Orgue de tribune<br>buffet, partie instrumentale",Côte-d'Or,Auxonne,"Orgue de tribune
buffet, partie instrumentale"
,,2,Église Notre-Dame de Beaune,"Département: Côte-d'Or<br>Commune: Beaune<br>Orgue: Orgue de tribune<br>buffet, partie instrumentale",Côte-d'Or,Beaune,"Orgue de tribune
buffet, partie instrumentale"
,,3,Cathédrale Saint-Bénigne de Dijon,"Département: Côte-d'Or<br>Commune: Dijon<br>Orgue: Orgue de tribune<br>buffet, partie instrumentale",Côte-d'Or,Dijon,"Orgue de tribune
buffet, partie instrumentale"
,,4,Église Saint-Michel de Dijon,"Département: Côte-d'Or<br>Commune: Dijon<br>Orgue: Orgue de tribune<br>buffet, partie instrumentale",Côte-d'Or,Dijon,"Orgue de tribune
buffet, partie instrumentale"
,,5,Église Saint-Nicolas de Meursault,Département: Côte-d'Or<br>Commune: Meursault<br>Orgue: Orgue de tribune<br>partie instrumentale,Côte-d'Or,Meursault,"Orgue de tribune
partie instrumentale"
,,6,Église Saint-Symphorien de Nuits-Saint-Georges,"Département: Côte-d'Or<br>Commune: Nuits-Saint-Georges<br>Orgue: Orgue de tribune<br>buffet, partie instrumentale",Côte-d'Or,Nuits-Saint-Georges,"Orgue de tribune
buffet, partie instrumentale"
,,7,Église Saint-Jean-Baptiste de Saint-Jean-de-Losne,"Département: Côte-d'Or<br>Commune: Saint-Jean-de-Losne<br>Orgue: Orgue de tribune<br>buffet, partie instrumentale",Côte-d'Or,Saint-Jean-de-Losne,"Orgue de tribune
buffet, partie instrumentale"
,,8,Église Notre-Dame de Semur-en-Auxois,"Département: Côte-d'Or<br>Commune: Semur-en-Auxois<br>Orgue: Orgue de tribune<br>buffet, partie instrumentale",Côte-d'Or,Semur-en-Auxois,"Orgue de tribune
buffet, partie instrumentale"
,,9,Église Saint-Martin de Seurre,"Département: Côte-d'Or<br>Commune: Seurre<br>Orgue: Orgue de tribune<br>buffet, partie instrumentale",Côte-d'Or,Seurre,"Orgue de tribune
buffet, partie instrumentale"
,,10,Église Sainte-Croix de La Charité-sur-Loire,"Département: Nièvre<br>Commune: La Charité-sur-Loire<br>Orgue: Orgue de tribune<br>buffet, partie instrumentale",Nièvre,La Charité-sur-Loire,"Orgue de tribune
buffet, partie instrumentale"
,,11,Église Saint-Martin de Clamecy,Département: Nièvre<br>Commune: Clamecy<br>Orgue: Orgue de tribune<br>partie instrumentale,Nièvre,Clamecy,"Orgue de tribune
partie instrumentale"
,,12,"Église Saint-Martin , Garchizy",Département: Nièvre<br>Commune: Garchizy<br>Orgue: Orgue de tribune<br>partie instrumentale,Nièvre,Garchizy,"Orgue de tribune
partie instrumentale"
,,13,Cathédrale Saint-Cyr-et-Sainte-Julitte de Nevers,Département: Nièvre<br>Commune: Nevers<br>Orgue: Orgue de tribune<br>buffet,Nièvre,Nevers,"Orgue de tribune
buffet"
,,14,Cathédrale Saint-Lazare d'Autun,Département: Saône-et-Loire<br>Commune: Autun<br>Orgue: Orgue de chœur<br>partie instrumentale,Saône-et-Loire,Autun,"Orgue de chœur
partie instrumentale"
,,15,Église Notre-Dame d'Autun,Département: Saône-et-Loire<br>Commune: Autun<br>Orgue: Orgue de tribune<br>partie instrumentale,Saône-et-Loire,Autun,"Orgue de tribune
partie instrumentale"
,,16,Cathédrale Saint-Vincent de Chalon-sur-Saône,"Département: Saône-et-Loire<br>Commune: Chalon-sur-Saône<br>Orgue: Orgue de tribune<br>buffet, partie instrumentale",Saône-et-Loire,Chalon-sur-Saône,"Orgue de tribune
buffet, partie instrumentale"
,,17,Cathédrale Vieux-Saint-Vincent de Mâcon,Département: Saône-et-Loire<br>Commune: Mâcon<br>Orgue: Orgue de tribune<br>partie instrumentale,Saône-et-Loire,Mâcon,"Orgue de tribune
partie instrumentale"
,,18,Église Saint-Pierre de Mâcon,Département: Saône-et-Loire<br>Commune: Mâcon<br>Orgue: Orgue de chœur<br>partie instrumentale,Saône-et-Loire,Mâcon,"Orgue de chœur
partie instrumentale"
,,19,Église Saint-Vincent de Saint-Vincent-des-Prés,Département: Saône-et-Loire<br>Commune: Saint-Vincent-des-Prés<br>Orgue: Orgue de tribune<br>buffet,Saône-et-Loire,Saint-Vincent-des-Prés,"Orgue de tribune
buffet"
,,20,Abbaye Saint-Philibert,"Département: Saône-et-Loire<br>Commune: Tournus<br>Orgue: Orgue de tribune<br>buffet, partie instrumentale",Saône-et-Loire,Tournus,"Orgue de tribune
buffet, partie instrumentale"
,,21,Église Saint-Lazare d'Avallon,"Département: Yonne<br>Commune: Avallon<br>Orgue: Orgue de tribune<br>buffet, partie instrumentale, tribune",Yonne,Avallon,"Orgue de tribune
buffet, partie instrumentale, tribune"
,,22,Église Saint-Jean de Joigny,Département: Yonne<br>Commune: Joigny<br>Orgue: Orgue de tribune<br>buffet,Yonne,Joigny,"Orgue de tribune
buffet"
,,23,Église Saint-Thibault de Joigny,Département: Yonne<br>Commune: Joigny<br>Orgue: Orgue de tribune<br>partie instrumentale,Yonne,Joigny,"Orgue de tribune
partie instrumentale"
,,24,"Église Saint-Pierre-et-Saint-Paul , Ligny-le-Châtel",Département: Yonne<br>Commune: Ligny-le-Châtel<br>Orgue: Orgue de tribune<br>partie instrumentale,Yonne,Ligny-le-Châtel,"Orgue de tribune
partie instrumentale"
,,25,Église Notre-Dame de Noyers,Département: Yonne<br>Commune: Noyers<br>Orgue: Orgue de tribune<br>partie instrumentale,Yonne,Noyers,"Orgue de tribune
partie instrumentale"
,,26,Abbatiale Notre-Dame de Pontigny,"Département: Yonne<br>Commune: Pontigny<br>Orgue: Orgue de tribune<br>buffet, partie instrumentale",Yonne,Pontigny,"Orgue de tribune
buffet, partie instrumentale"
,,27,Église Saint-Prix-et-Saint-Cot de Saint-Bris-le-Vineux,Département: Yonne<br>Commune: Saint-Bris-le-Vineux<br>Orgue: Orgue de tribune<br>partie instrumentale,Yonne,Saint-Bris-le-Vineux,"Orgue de tribune
partie instrumentale"
,,28,Église Saint-Pierre de Saint-Julien-du-Sault,Département: Yonne<br>Commune: Saint-Julien-du-Sault<br>Orgue: Orgue de tribune<br>partie instrumentale,Yonne,Saint-Julien-du-Sault,"Orgue de tribune
partie instrumentale"
,,29,Cathédrale Saint-Étienne de Sens,Département: Yonne<br>Commune: Sens<br>Orgue: Orgue de tribune<br>partie instrumentale,Yonne,Sens,"Orgue de tribune
partie instrumentale"
,,30,Église Saint-Pierre de Tonnerre,"Département: Yonne<br>Commune: Tonnerre<br>Orgue: Orgue de tribune<br>buffet, tribune",Yonne,Tonnerre,"Orgue de tribune
buffet, tribune"
,,31,Église Saint-Pierre  ,Département: Yonne<br>Commune: Toucy<br>Orgue: Orgue de tribune<br>buffet,Yonne,Toucy,"Orgue de tribune
buffet"
,,32,Église Saint-Médard et Saint-Michel ,Département: Yonne<br>Commune: Villeblevin<br>Orgue: Orgue de tribune<br>partie instrumentale,Yonne,Villeblevin,"Orgue de tribune
partie instrumentale"
,,33,Église Notre-Dame-de-l'Assomption de Villeneuve-sur-Yonne,"Département: Yonne<br>Commune: Villeneuve-sur-Yonne<br>Orgue: Orgue de tribune<br>buffet, partie instrumentale, tribune",Yonne,Villeneuve-sur-Yonne,"Orgue de tribune
buffet, partie instrumentale, tribune"
