X,Y,gid,Name,description,D__partement,Commune,Ann__e,Orgue
,,1,Temple de Badevel,Département: Doubs<br>Commune: Badevel<br>Année: 1977<br>Orgue: Orgue de tribune<br>partie instrumentale,Doubs,Badevel,1977,"Orgue de tribune
partie instrumentale"
,,2,Basilique Saint-Ferjeux,Département: Doubs<br>Commune: Besançon<br>Année: 1984<br>Orgue: Orgue de chœur<br>partie instrumentale,Doubs,Besançon,1984,"Orgue de chœur
partie instrumentale"
,,3,Cathédrale Saint-Jean de Besançon,Département: Doubs<br>Commune: Besançon<br>Année: 1976<br>Orgue: Orgue de chœur<br>partie instrumentale,Doubs,Besançon,1976,"Orgue de chœur
partie instrumentale"
,,4,Chapelle de l'hôpital de Besançon,Département: Doubs<br>Commune: Besançon<br>Année: 1916<br>Orgue: Orgue de tribune<br>buffet,Doubs,Besançon,1916,"Orgue de tribune
buffet"
,,5,Chapelle du lycée Victor-Hugo,Département: Doubs<br>Commune: Besançon<br>Année: 1980<br>Orgue: Orgue de tribune<br>partie instrumentale,Doubs,Besançon,1980,"Orgue de tribune
partie instrumentale"
,,6,Église Notre-Dame,Département: Doubs<br>Commune: Besançon<br>Année: 1984<br>Orgue: Orgue de tribune<br>partie instrumentale,Doubs,Besançon,1984,"Orgue de tribune
partie instrumentale"
,,7,Église du Sacré-Cœur de Besançon,Département: Doubs<br>Commune: Besançon<br>Année: 1988<br>Orgue: Orgue de tribune<br>partie instrumentale,Doubs,Besançon,1988,"Orgue de tribune
partie instrumentale"
,,8,Église Sainte-Madeleine de Besançon,"Département: Doubs<br>Commune: Besançon<br>Année: 1930<br>Orgue: Orgue de tribune<br>buffet, partie instrumentale",Doubs,Besançon,1930,"Orgue de tribune
buffet, partie instrumentale"
,,9,Église Saint-François-Xavier,"Département: Doubs<br>Commune: Besançon<br>Année: 1974<br>Orgue: Orgue de tribune<br>buffet, partie instrumentale",Doubs,Besançon,1974,"Orgue de tribune
buffet, partie instrumentale"
,,10,Église Saint-Maurice,Département: Doubs<br>Commune: Besançon<br>Année: 1980<br>Orgue: Orgue de tribune<br>partie instrumentale,Doubs,Besançon,1980,"Orgue de tribune
partie instrumentale"
,,11,Église Saint-Pierre,"Département: Doubs<br>Commune: Besançon<br>Année: 1942<br>Orgue: Orgue de tribune<br>buffet, partie instrumentale",Doubs,Besançon,1942,"Orgue de tribune
buffet, partie instrumentale"
,,12,Temple du Saint-Esprit de Besançon,Département: Doubs<br>Commune: Besançon<br>Année: 1972<br>Orgue: Orgue de tribune<br>partie instrumentale,Doubs,Besançon,1972,"Orgue de tribune
partie instrumentale"
,,13,Église Saint-Hippolyte,Département: Doubs<br>Commune: Beure<br>Année: 1989<br>Orgue: Orgue de tribune<br>partie instrumentale,Doubs,Beure,1989,"Orgue de tribune
partie instrumentale"
,,14,Eglise,"Département: Doubs<br>Commune: le Bizot<br>Année: 1973<br>Orgue: eglise Saint Georges , Orgue de tribune<br>partie instrumentale",Doubs,le Bizot,1973,"eglise Saint Georges , Orgue de tribune
partie instrumentale"
,,15,Église Saint-Pierre de Maîche,Département: Doubs<br>Commune: Maîche<br>Année: 1985<br>Orgue: Orgue de tribune<br>buffet,Doubs,Maîche,1985,"Orgue de tribune
buffet"
,,16,Temple Saint-Martin de Montbéliard,Département: Doubs<br>Commune: Montbéliard<br>Année: 1978<br>Orgue: Orgue de tribune<br>partie instrumentale,Doubs,Montbéliard,1978,"Orgue de tribune
partie instrumentale"
,,17,Église de l'Assomption de Mouthe,Département: Doubs<br>Commune: Mouthe<br>Année: 1979<br>Orgue: Orgue de tribune<br>partie instrumentale,Doubs,Mouthe,1979,"Orgue de tribune
partie instrumentale"
,,18,Église Saint-Antide de Naisey-les-Granges,Département: Doubs<br>Commune: Naisey-les-Granges<br>Année: 1978<br>Orgue: Orgue de tribune<br>partie instrumentale,Doubs,Naisey-les-Granges,1978,"Orgue de tribune
partie instrumentale"
,,19,Église Saints-Pierre-et-Paul,Département: Doubs<br>Commune: Nods<br>Année: 1990<br>Orgue: Orgue de tribune<br>partie instrumentale,Doubs,Nods,1990,"Orgue de tribune
partie instrumentale"
,,20,Église Notre-Dame-de-l'Assomption de Pierrefontaine-les-Varans,"Département: Doubs<br>Commune: Pierrefontaine-les-Varans<br>Année: 1997<br>Orgue: Orgue de tribune<br>buffet, partie instrumentale",Doubs,Pierrefontaine-les-Varans,1997,"Orgue de tribune
buffet, partie instrumentale"
,,21,Église Saint-Bénigne de Pontarlier,"Département: Doubs<br>Commune: Pontarlier<br>Année: 1978<br>1979<br>Orgue: Orgue de tribune<br>buffet, partie instrumentale",Doubs,Pontarlier,"1978
1979","Orgue de tribune
buffet, partie instrumentale"
,,22,Église Saint-Renobert,Département: Doubs<br>Commune: Quingey<br>Année: 1978<br>Orgue: Orgue de tribune<br>partie instrumentale,Doubs,Quingey,1978,"Orgue de tribune
partie instrumentale"
,,23,Église,"Département: Doubs<br>Commune: Le Russey<br>Année: 1978<br>Orgue: eglise Saint-Nicolas, Orgue de tribune<br>partie instrumentale",Doubs,Le Russey,1978,"eglise Saint-Nicolas, Orgue de tribune
partie instrumentale"
,,24,Saint-Victor,Département: Doubs<br>Commune: Saône<br>Année: 1980<br>Orgue: Orgue de tribune<br>partie instrumentale,Doubs,Saône,1980,"Orgue de tribune
partie instrumentale"
,,25,Église Saint-Maurice,"Département: Haute-Saône<br>Commune: Boult<br>Année: 1972<br>Orgue: Orgue<br>partie instrumentale, tribune",Haute-Saône,Boult,1972,"Orgue
partie instrumentale, tribune"
,,26,Église Saint-Laurent de Breurey-lès-Faverney,Département: Haute-Saône<br>Commune: Breurey-lès-Faverney<br>Année: 1981<br>Orgue: Orgue de tribune<br>partie instrumentale,Haute-Saône,Breurey-lès-Faverney,1981,"Orgue de tribune
partie instrumentale"
,,27,Temple,Département: Haute-Saône<br>Commune: Échenans-sous-Mont-Vaudois<br>Année: 1974<br>Orgue: Orgue de tribune<br>partie instrumentale,Haute-Saône,Échenans-sous-Mont-Vaudois,1974,"Orgue de tribune
partie instrumentale"
,,28,Église Saint-Georges de Faucogney,"Département: Haute-Saône<br>Commune: Faucogney-et-la-Mer<br>Année: 1972<br>1974<br>Orgue: Orgue de tribune<br>buffet, partie instrumentale",Haute-Saône,Faucogney-et-la-Mer,"1972
1974","Orgue de tribune
buffet, partie instrumentale"
,,29,Église Saint-Georges de Faucogney-et-la-Mer,Département: Haute-Saône<br>Commune: Faucogney-et-la-Mer<br>Année: 1972<br>1974<br>Orgue: Orgue de tribune<br>orgue,Haute-Saône,Faucogney-et-la-Mer,"1972
1974","Orgue de tribune
orgue"
,,30,Abbatiale Notre-Dame,Département: Haute-Saône<br>Commune: Faverney<br>Année: 1985<br>Orgue: Orgue de tribune<br>partie instrumentale,Haute-Saône,Faverney,1985,"Orgue de tribune
partie instrumentale"
,,31,eglise,"Département: Haute-Saône<br>Commune: Fresse<br>Année: 1980<br>Orgue: Saint-Antide, Orgue de tribune<br>partie instrumentale",Haute-Saône,Fresse,1980,"Saint-Antide, Orgue de tribune
partie instrumentale"
,,32,Église Notre-Dame de Gray,"Département: Haute-Saône<br>Commune: Gray<br>Année: 1973<br>1975<br>Orgue: Orgue de tribune<br>buffet, partie instrumentale",Haute-Saône,Gray,"1973
1975","Orgue de tribune
buffet, partie instrumentale"
,,33,Église Saint-Christophe d'Héricourt,"Département: Haute-Saône<br>Commune: Héricourt<br>Année: 1997<br>Orgue: Orgue de tribune<br>buffet, partie instrumentale",Haute-Saône,Héricourt,1997,"Orgue de tribune
buffet, partie instrumentale"
,,34,Église Saint-Pierre,"Département: Haute-Saône<br>Commune: Jussey<br>Année: 1966<br>Orgue: Orgue de tribune<br>buffet, partie instrumentale",Haute-Saône,Jussey,1966,"Orgue de tribune
buffet, partie instrumentale"
,,35,Église Saint-Martin de Lure,"Département: Haute-Saône<br>Commune: Lure<br>Année: 1971<br>Orgue: Orgue de tribune<br>buffet, tribune",Haute-Saône,Lure,1971,"Orgue de tribune
buffet, tribune"
,,36,Église Saint-Martin de Luré,Département: Haute-Saône<br>Commune: Luré<br>Année: 1971<br>Orgue: Orgue de tribune<br>orgue,Haute-Saône,Luré,1971,"Orgue de tribune
orgue"
,,37,Basilique Saint-Pierre de Luxeuil-les-Bains,"Département: Haute-Saône<br>Commune: Luxeuil-les-Bains<br>Année: 1846<br>Orgue: Orgue de tribune<br>buffet, partie instrumentale, tribune",Haute-Saône,Luxeuil-les-Bains,1846,"Orgue de tribune
buffet, partie instrumentale, tribune"
,,38,Église Saint-Hilaire de Pesmes,"Département: Haute-Saône<br>Commune: Pesmes<br>Année: 1903<br>Orgue: Orgue de tribune<br>buffet, partie instrumentale",Haute-Saône,Pesmes,1903,"Orgue de tribune
buffet, partie instrumentale"
,,39,Église Saint-Martin,Département: Haute-Saône<br>Commune: Saulx<br>Année: 1982<br>Orgue: Orgue de chœur<br>partie instrumentale,Haute-Saône,Saulx,1982,"Orgue de chœur
partie instrumentale"
,,40,Église Saint-Gengoult,Département: Haute-Saône<br>Commune: Vesoul<br>Année: 1965<br>Orgue: Orgue de tribune<br>buffet,Haute-Saône,Vesoul,1965,"Orgue de tribune
buffet"
,,41,Église Saint-Nicolas,Département: Haute-Saône<br>Commune: Villersexel<br>Année: 1979<br>Orgue: Orgue de tribune<br>partie instrumentale,Haute-Saône,Villersexel,1979,"Orgue de tribune
partie instrumentale"
,,42,Église Saint-Just d'Arbois,"Département: Jura<br>Commune: Arbois<br>Année: 1952<br>Orgue: Orgue de tribune<br>buffet, partie instrumentale",Jura,Arbois,1952,"Orgue de tribune
buffet, partie instrumentale"
,,43,Église Saint-Paul,Département: Jura<br>Commune: Bletterans<br>Année: 1987<br>Orgue: Orgue de chœur<br>partie instrumentale,Jura,Bletterans,1987,"Orgue de chœur
partie instrumentale"
,,44,Église Saint-Cyr-et-Sainte-Juliette de Champagnole,"Département: Jura<br>Commune: Champagnole<br>Année: 1955<br>Orgue: Orgue de tribune<br>buffet, partie instrumentale",Jura,Champagnole,1955,"Orgue de tribune
buffet, partie instrumentale"
,,45,Église Notre-Dame de Dole,"Département: Jura<br>Commune: Dole<br>Année: 1906<br>1957<br>Orgue: collégiale de Dole, Orgue de tribune<br>buffet, partie instrumentale",Jura,Dole,"1906
1957","collégiale de Dole, Orgue de tribune
buffet, partie instrumentale"
,,46,Église des Cordeliers de Lons-le-Saunier,"Département: Jura<br>Commune: Lons-le-Saunier<br>Année: 1906<br>Orgue: Orgue de tribune<br>buffet, partie instrumentale",Jura,Lons-le-Saunier,1906,"Orgue de tribune
buffet, partie instrumentale"
,,47,Église Saint-Désiré de Lons-le-Saunier,Département: Jura<br>Commune: Lons-le-Saunier<br>Année: 2000<br>Orgue: Orgue de tribune<br>partie instrumentale,Jura,Lons-le-Saunier,2000,"Orgue de tribune
partie instrumentale"
,,48,Église de l'Assomption de Morez,Département: Jura<br>Commune: Morez<br>Année: 1975<br>Orgue: Orgue de tribune<br>partie instrumentale,Jura,Morez,1975,"Orgue de tribune
partie instrumentale"
,,49,Église Notre-Dame-de-l'Assomption d'Orgelet,"Département: Jura<br>Commune: Orgelet<br>Année: 1977<br>1985<br>Orgue: Orgue de tribune<br>buffet, partie instrumentale",Jura,Orgelet,"1977
1985","Orgue de tribune
buffet, partie instrumentale"
,,50,Église Saint-Hippolyte de Poligny,"Département: Jura<br>Commune: Poligny<br>Année: 1979<br>1988<br>Orgue: collégiale, Orgue de tribune<br>buffet, partie instrumentale, tribune",Jura,Poligny,"1979
1988","collégiale, Orgue de tribune
buffet, partie instrumentale, tribune"
,,51,"Cathédrale Saint-Pierre, Saint-Paul et Saint-André de Saint-Claude",Département: Jura<br>Commune: Saint-Claude<br>Année: 1987<br>Orgue: Orgue de tribune<br>buffet,Jura,Saint-Claude,1987,"Orgue de tribune
buffet"
,,52,Église Saint-Anatoile de Salins-les-Bains,"Département: Jura<br>Commune: Salins-les-Bains<br>Année: 1972<br>Orgue: Orgue de tribune<br>buffet, partie instrumentale",Jura,Salins-les-Bains,1972,"Orgue de tribune
buffet, partie instrumentale"
,,53,Église Saint-Maurice de Salins-les-Bains,"Département: Jura<br>Commune: Salins-les-Bains<br>Année: 1996<br>Orgue: Orgue de tribune<br>buffet, partie instrumentale",Jura,Salins-les-Bains,1996,"Orgue de tribune
buffet, partie instrumentale"
,,54,Chapelle du château de Baudin,"Département: Jura<br>Commune: Toulouse-le-Château<br>Année: 2003<br>Orgue: Orgue de chœur<br>buffet, partie instrumentale",Jura,Toulouse-le-Château,2003,"Orgue de chœur
buffet, partie instrumentale"
,,55,Église Saint-François-de-Sales,Département: Territoire de Belfort<br>Commune: Beaucourt<br>Année: 1992<br>Orgue: Orgue de tribune<br>buffet,Territoire de Belfort,Beaucourt,1992,"Orgue de tribune
buffet"
,,56,Cathédrale Saint-Christophe de Belfort,"Département: Territoire de Belfort<br>Commune: Belfort<br>Année: 1930<br>Orgue: Orgue de tribune<br>buffet, partie instrumentale",Territoire de Belfort,Belfort,1930,"Orgue de tribune
buffet, partie instrumentale"
,,57,Saint-Étienne,"Département: Territoire de Belfort<br>Commune: Châtenois-les-Forges<br>Année: 1977<br>Orgue: Orgue de tribune<br>buffet, partie instrumentale",Territoire de Belfort,Châtenois-les-Forges,1977,"Orgue de tribune
buffet, partie instrumentale"
,,58,Église Saint-Vincent,"Département: Territoire de Belfort<br>Commune: Lachapelle-sous-Rougemont<br>Année: 2003<br>Orgue: Orgue de tribune<br>buffet, partie instrumentale",Territoire de Belfort,Lachapelle-sous-Rougemont,2003,"Orgue de tribune
buffet, partie instrumentale"
,,59,Église Notre-Dame-de-l'Assomption,"Département: Territoire de Belfort<br>Commune: Phaffans<br>Année: 1973<br>Orgue: Orgue de tribune<br>buffet, partie instrumentale",Territoire de Belfort,Phaffans,1973,"Orgue de tribune
buffet, partie instrumentale"
,,60,Saint-Jean-Baptiste,Département: Territoire de Belfort<br>Commune: Réchésy<br>Année: 1989<br>Orgue: Orgue de tribune<br>partie instrumentale,Territoire de Belfort,Réchésy,1989,"Orgue de tribune
partie instrumentale"
