X,Y,gid,Name,description,D__partement,Commune,Orgue
,,1,Cathédrale Saint-Jean de Belley,Département: Ain<br>Commune: Belley<br>Orgue: Orgue de tribune<br>partie instrumentale,Ain,Belley,"Orgue de tribune
partie instrumentale"
,,2,"Église Notre-Dame-de-l'Assomption , Jassans-Riottier",Département: Ain<br>Commune: Jassans-Riottier<br>Orgue: Orgue de tribune<br>partie instrumentale,Ain,Jassans-Riottier,"Orgue de tribune
partie instrumentale"
,,3,Église Saint-Michel de Nantua,Département: Ain<br>Commune: Nantua<br>Orgue: Orgue de tribune<br>partie instrumentale,Ain,Nantua,"Orgue de tribune
partie instrumentale"
,,4,Église Saint-Laurent de Saint-Laurent-sur-Saône,Département: Ain<br>Commune: Saint-Laurent-sur-Saône<br>Orgue: Orgue de chœur<br>partie instrumentale,Ain,Saint-Laurent-sur-Saône,"Orgue de chœur
partie instrumentale"
,,5,eglise de Vidalon-les-Annonay,Département: Ardèche<br>Commune: Davézieux<br>Orgue: Orgue de tribune<br>partie instrumentale,Ardèche,Davézieux,"Orgue de tribune
partie instrumentale"
,,6,Église Notre-Dame d'Annonay,Département: Ardèche<br>Commune: Annonay<br>Orgue: Orgue de chœur<br>partie instrumentale,Ardèche,Annonay,"Orgue de chœur
partie instrumentale"
,,7,Église Notre-Dame d'Annonay,Département: Ardèche<br>Commune: Annonay<br>Orgue: Orgue de tribune<br>partie instrumentale,Ardèche,Annonay,"Orgue de tribune
partie instrumentale"
,,8,Église Saint-Andéol de Bourg-Saint-Andéol,"Département: Ardèche<br>Commune: Bourg-Saint-Andéol<br>Orgue: Orgue de tribune<br>buffet, partie instrumentale",Ardèche,Bourg-Saint-Andéol,"Orgue de tribune
buffet, partie instrumentale"
,,9,Collégiale Saint-Julien de Tournon-sur-Rhône,Département: Ardèche<br>Commune: Tournon-sur-Rhône<br>Orgue: Orgue de tribune<br>partie instrumentale,Ardèche,Tournon-sur-Rhône,"Orgue de tribune
partie instrumentale"
,,10,Lycée Gabriel-Faure,Département: Ardèche<br>Commune: Tournon-sur-Rhône<br>Orgue: Orgue de tribune<br>partie instrumentale,Ardèche,Tournon-sur-Rhône,"Orgue de tribune
partie instrumentale"
,,11,Collégiale Saint-Sauveur de Grignan,Département: Drôme<br>Commune: Grignan<br>Orgue: Orgue de tribune<br>buffet,Drôme,Grignan,"Orgue de tribune
buffet"
,,12,Église Saint-Barnard de Romans-sur-Isère,Département: Drôme<br>Commune: Romans-sur-Isère<br>Orgue: Orgue de tribune<br>partie instrumentale,Drôme,Romans-sur-Isère,"Orgue de tribune
partie instrumentale"
,,13,Cathédrale Notre-Dame de Saint-Paul-Trois-Châteaux,"Département: Drôme<br>Commune: Saint-Paul-Trois-Châteaux<br>Orgue: Orgue de tribune<br>buffet, partie instrumentale",Drôme,Saint-Paul-Trois-Châteaux,"Orgue de tribune
buffet, partie instrumentale"
,,14,Cathédrale Saint-Apollinaire de Valence,"Département: Drôme<br>Commune: Valence<br>Orgue: Orgue de tribune<br>buffet, partie instrumentale",Drôme,Valence,"Orgue de tribune
buffet, partie instrumentale"
,,15,Cathédrale Saint-Pierre d'Annecy,"Département: Haute-Savoie<br>Commune: Annecy<br>Orgue: Orgue de tribune<br>buffet, partie instrumentale",Haute-Savoie,Annecy,"Orgue de tribune
buffet, partie instrumentale"
,,16,Église Saint-Joseph-des-Fins,Département: Haute-Savoie<br>Commune: Annecy<br>Orgue: Orgue de tribune<br>partie instrumentale,Haute-Savoie,Annecy,"Orgue de tribune
partie instrumentale"
,,17,Église de l'Immaculée-Conception ,Département: Haute-Savoie<br>Commune: La Baume<br>Orgue: Orgue de tribune<br>partie instrumentale,Haute-Savoie,La Baume,"Orgue de tribune
partie instrumentale"
,,18,Église Saint-Maurice de Boëge,Département: Haute-Savoie<br>Commune: Boëge<br>Orgue: Orgue de tribune<br>partie instrumentale,Haute-Savoie,Boëge,"Orgue de tribune
partie instrumentale"
,,19,Musée de la musique mécanique,Département: Haute-Savoie<br>Commune: Les Gets<br>Orgue: Orgue à cylindres<br>partie instrumentale,Haute-Savoie,Les Gets,"Orgue à cylindres
partie instrumentale"
,,20,Église Sainte-Madeleine de Morzine,Département: Haute-Savoie<br>Commune: Morzine<br>Orgue: Orgue de tribune<br>partie instrumentale,Haute-Savoie,Morzine,"Orgue de tribune
partie instrumentale"
,,21,Église Saint-Maurice de Ferrières,Département: Haute-Savoie<br>Commune: Pringy<br>Orgue: Orgue de tribune<br>partie instrumentale,Haute-Savoie,Pringy,"Orgue de tribune
partie instrumentale"
,,22,Église Saint-Jean-Baptiste de La Roche-sur-Foron,Département: Haute-Savoie<br>Commune: La Roche-sur-Foron<br>Orgue: Orgue de tribune<br>partie instrumentale,Haute-Savoie,La Roche-sur-Foron,"Orgue de tribune
partie instrumentale"
,,23,"Église Sainte-Agathe,  Rumilly",Département: Haute-Savoie<br>Commune: Rumilly<br>Orgue: Orgue de tribune<br>partie instrumentale,Haute-Savoie,Rumilly,"Orgue de tribune
partie instrumentale"
,,24,Église du Plan d'Avoz de Saint-Jean-d'Aulps,Département: Haute-Savoie<br>Commune: Saint-Jean-d'Aulps<br>Orgue: Orgue de tribune<br>partie instrumentale,Haute-Savoie,Saint-Jean-d'Aulps,"Orgue de tribune
partie instrumentale"
,,25,"Saint-Roch,  Sallanches","Département: Haute-Savoie<br>Commune: Sallanches<br>Orgue: Orgue de tribune<br>buffet, partie instrumentale",Haute-Savoie,Sallanches,"Orgue de tribune
buffet, partie instrumentale"
,,26,Église Saint-Hippolyte de Thonon-les-Bains,"Département: Haute-Savoie<br>Commune: Thonon-les-Bains<br>Orgue: Orgue de tribune<br>buffet, tribune",Haute-Savoie,Thonon-les-Bains,"Orgue de tribune
buffet, tribune"
,,27,Église Saint-Jean-Baptiste de Bourgoin-Jallieu,Département: Isère<br>Commune: Bourgoin-Jallieu<br>Orgue: Orgue de tribune<br>partie instrumentale,Isère,Bourgoin-Jallieu,"Orgue de tribune
partie instrumentale"
,,28,Église Saint-Jean-Baptiste de Crémieu,"Département: Isère<br>Commune: Crémieu<br>Orgue: Orgue de tribune<br>buffet, partie instrumentale",Isère,Crémieu,"Orgue de tribune
buffet, partie instrumentale"
,,29,Cathédrale Notre-Dame de Grenoble,Département: Isère<br>Commune: Grenoble<br>Orgue: Orgue de tribune<br>buffet,Isère,Grenoble,"Orgue de tribune
buffet"
,,30,Abbatiale Saint-Antoine de Saint-Antoine-l'Abbaye,"Département: Isère<br>Commune: Saint-Antoine-l'Abbaye<br>Orgue: Orgue de tribune<br>buffet, partie instrumentale",Isère,Saint-Antoine-l'Abbaye,"Orgue de tribune
buffet, partie instrumentale"
,,31,Église Saint-Theudère de Saint-Chef,Département: Isère<br>Commune: Saint-Chef<br>Orgue: Orgue de tribune<br>partie instrumentale,Isère,Saint-Chef,"Orgue de tribune
partie instrumentale"
,,32,"Église Saint-Pierre-et-Saint-Paul,  Virieu",Département: Isère<br>Commune: Virieu<br>Orgue: Orgue de tribune<br>partie instrumentale,Isère,Virieu,"Orgue de tribune
partie instrumentale"
,,33,Église Saint-Bruno de Voiron,Département: Isère<br>Commune: Voiron<br>Orgue: Orgue de tribune<br>partie instrumentale,Isère,Voiron,"Orgue de tribune
partie instrumentale"
,,34,Église Saint-Firmin de Firminy,Département: Loire<br>Commune: Firminy<br>Orgue: Orgue de tribune<br>partie instrumentale,Loire,Firminy,"Orgue de tribune
partie instrumentale"
,,35,Collégiale Notre-Dame de Montbrison,"Département: Loire<br>Commune: Montbrison<br>Orgue: Orgue de tribune<br>buffet, partie instrumentale",Loire,Montbrison,"Orgue de tribune
buffet, partie instrumentale"
,,36,Église Saint-Pierre de Renaison,Département: Loire<br>Commune: Renaison<br>Orgue: Orgue de tribune<br>partie instrumentale,Loire,Renaison,"Orgue de tribune
partie instrumentale"
,,37,Église Saint-Pierre de Saint-Chamond,"Département: Loire<br>Commune: Saint-Chamond<br>Orgue: Orgue de tribune<br>buffet, partie instrumentale",Loire,Saint-Chamond,"Orgue de tribune
buffet, partie instrumentale"
,,38,Église Notre-Dame de Saint-Étienne,Département: Loire<br>Commune: Saint-Étienne<br>Orgue: Orgue de tribune<br>partie instrumentale,Loire,Saint-Étienne,"Orgue de tribune
partie instrumentale"
,,39,Église Notre-Dame de Terrenoire,Département: Loire<br>Commune: Saint-Étienne<br>Orgue: Orgue de tribune<br>partie instrumentale,Loire,Saint-Étienne,"Orgue de tribune
partie instrumentale"
,,40,Église Saint-Just de Saint-Just-en-Chevalet,Département: Loire<br>Commune: Saint-Just-en-Chevalet<br>Orgue: Orgue de tribune<br>partie instrumentale,Loire,Saint-Just-en-Chevalet,"Orgue de tribune
partie instrumentale"
,,41,"Église Saint-Ennemond,  Verrières-en-Forez",Département: Loire<br>Commune: Verrières-en-Forez<br>Orgue: Orgue de tribune<br>partie instrumentale,Loire,Verrières-en-Forez,"Orgue de tribune
partie instrumentale"
,,42,Église Saint-Nicolas de Givors,Département: Rhône<br>Commune: Givors<br>Orgue: Orgue de tribune<br>partie instrumentale,Rhône,Givors,"Orgue de tribune
partie instrumentale"
,,43,Chapelle du centre scolaire Saint-Marc,Département: Rhône<br>Commune: Lyon<br>Orgue: Orgue de tribune<br>partie instrumentale,Rhône,Lyon,"Orgue de tribune
partie instrumentale"
,,44,Clinique Saint-Charles,Département: Rhône<br>Commune: Lyon<br>Orgue: Orgue de tribune<br>partie instrumentale,Rhône,Lyon,"Orgue de tribune
partie instrumentale"
,,45,Église Saint-Bruno des Chartreux,Département: Rhône<br>Commune: Lyon<br>Orgue: Orgue de chœur<br>buffet,Rhône,Lyon,"Orgue de chœur
buffet"
,,46,Église Saint-François-de-Sales de Lyon,Département: Rhône<br>Commune: Lyon<br>Orgue: Orgue de tribune<br>partie instrumentale,Rhône,Lyon,"Orgue de tribune
partie instrumentale"
,,47,Église Saint-Nizier,"Département: Rhône<br>Commune: Lyon<br>Orgue: Orgue de tribune<br>buffet, partie instrumentale",Rhône,Lyon,"Orgue de tribune
buffet, partie instrumentale"
,,48,Église Saint-Polycarpe de Lyon,Département: Rhône<br>Commune: Lyon<br>Orgue: Orgue de tribune<br>partie instrumentale,Rhône,Lyon,"Orgue de tribune
partie instrumentale"
,,49,Grande synagogue de Lyon,Département: Rhône<br>Commune: Lyon<br>Orgue: Orgue de tribune<br>partie instrumentale,Rhône,Lyon,"Orgue de tribune
partie instrumentale"
,,50,"Sainte-Madeleine,  Tarare",Département: Rhône<br>Commune: Tarare<br>Orgue: Orgue de tribune<br>partie instrumentale,Rhône,Tarare,"Orgue de tribune
partie instrumentale"
,,51,"Église Notre-Dame,  Thizy",Département: Rhône<br>Commune: Thizy<br>Orgue: Orgue de tribune<br>partie instrumentale,Rhône,Thizy,"Orgue de tribune
partie instrumentale"
,,52,Collège de Mongré,Département: Rhône<br>Commune: Villefranche-sur-Saône<br>Orgue: Orgue de tribune<br>partie instrumentale,Rhône,Villefranche-sur-Saône,"Orgue de tribune
partie instrumentale"
,,53,Église Notre-Dame-des-Marais de Villefranche-sur-Saône,"Département: Rhône<br>Commune: Villefranche-sur-Saône<br>Orgue: Orgue de tribune<br>buffet, partie instrumentale",Rhône,Villefranche-sur-Saône,"Orgue de tribune
buffet, partie instrumentale"
,,54,Cathédrale Saint-François-de-Sales de Chambéry,Département: Savoie<br>Commune: Chambéry<br>Orgue: Orgue de tribune<br>partie instrumentale,Savoie,Chambéry,"Orgue de tribune
partie instrumentale"
,,55,Église Saint-Martin de Montagny,Département: Savoie<br>Commune: Montagny<br>Orgue: Orgue à cylindres<br>partie instrumentale,Savoie,Montagny,"Orgue à cylindres
partie instrumentale"
,,56,Cathédrale Saint-Pierre de Moûtiers,Département: Savoie<br>Commune: Moûtiers<br>Orgue: Orgue de tribune<br>orgue,Savoie,Moûtiers,"Orgue de tribune
orgue"
,,57,Cathédrale Saint-Pierre de Moûtiers,Département: Savoie<br>Commune: Moûtiers<br>Orgue: Orgue de tribune<br>partie instrumentale,Savoie,Moûtiers,"Orgue de tribune
partie instrumentale"
,,58,Église de la Sainte-Trinité de Peisey-Nancroix,Département: Savoie<br>Commune: Peisey-Nancroix<br>Orgue: Orgue de tribune<br>partie instrumentale,Savoie,Peisey-Nancroix,"Orgue de tribune
partie instrumentale"
,,59,"Église Saint-Jean-Baptiste,  La Perrière",Département: Savoie<br>Commune: La Perrière<br>Orgue: Orgue de tribune<br>partie instrumentale,Savoie,La Perrière,"Orgue de tribune
partie instrumentale"
,,60,Cathédrale Saint-Jean-Baptiste de Saint-Jean-de-Maurienne,Département: Savoie<br>Commune: Saint-Jean-de-Maurienne<br>Orgue: Orgue de tribune<br>partie instrumentale,Savoie,Saint-Jean-de-Maurienne,"Orgue de tribune
partie instrumentale"
,,61,"Église Saint-François-de-Salles,  Chaucisse",Département: Savoie<br>Commune: Saint-Nicolas-la-Chapelle<br>Orgue: Orgue de tribune<br>partie instrumentale,Savoie,Saint-Nicolas-la-Chapelle,"Orgue de tribune
partie instrumentale"
,,62,Église Saint-Nicolas de Saint-Nicolas-la-Chapelle,Département: Savoie<br>Commune: Saint-Nicolas-la-Chapelle<br>Orgue: Orgue de tribune<br>partie instrumentale,Savoie,Saint-Nicolas-la-Chapelle,"Orgue de tribune
partie instrumentale"
