X,Y,gid,Name,description,Commune,D__partement,Orgue,Ann__e
,,1,Basilique Saint-Nazaire de Carcassonne,"Commune: Carcassonne<br>Département: Aude<br>Orgue: Orgue de tribune<br>buffet, partie instrumentale<br>Année: 1970",Carcassonne,Aude,"Orgue de tribune
buffet, partie instrumentale",1970
,,2,Cathédrale Saint-Michel de Carcassonne,Commune: Carcassonne<br>Département: Aude<br>Orgue: Orgue de tribune<br>partie instrumentale<br>Année: 1993,Carcassonne,Aude,"Orgue de tribune
partie instrumentale",1993
,,3,Église Saint-Vincent de Carcassonne,"Commune: Carcassonne<br>Département: Aude<br>Orgue: Orgue de tribune<br>buffet, partie instrumentale<br>Année: 1984",Carcassonne,Aude,"Orgue de tribune
buffet, partie instrumentale",1984
,,4,Collégiale Saint-Michel de Castelnaudary,Commune: Castelnaudary<br>Département: Aude<br>Orgue: Orgue de chœur<br>partie instrumentale<br>Année: 1987,Castelnaudary,Aude,"Orgue de chœur
partie instrumentale",1987
,,5,Collégiale Saint-Michel de Castelnaudary,Commune: Castelnaudary<br>Département: Aude<br>Orgue: Orgue de tribune<br>partie instrumentale<br>Année: 1969,Castelnaudary,Aude,"Orgue de tribune
partie instrumentale",1969
,,6,Église Saint-Vincent de Fabrezan,Commune: Fabrezan<br>Département: Aude<br>Orgue: Orgue de tribune<br>partie instrumentale<br>Année: 1990,Fabrezan,Aude,"Orgue de tribune
partie instrumentale",1990
,,7,Église ND de l'Assomption de Fanjeaux,Commune: Fanjeaux<br>Département: Aude<br>Orgue: Orgue de tribune<br>buffet<br>Année: 1972,Fanjeaux,Aude,"Orgue de tribune
buffet",1972
,,8,Église Saint-Michel de Lagrasse,Commune: Lagrasse<br>Département: Aude<br>Orgue: Orgue de tribune<br>partie instrumentale<br>Année: 1985,Lagrasse,Aude,"Orgue de tribune
partie instrumentale",1985
,,9,Église Saint-Martin de Limoux,"Commune: Limoux<br>Département: Aude<br>Orgue: Orgue de tribune<br>buffet, partie instrumentale<br>Année: 1967",Limoux,Aude,"Orgue de tribune
buffet, partie instrumentale",1967
,,10,Collégiale Saint-Vincent de Montréal,"Commune: Montréal<br>Département: Aude<br>Orgue: Orgue de tribune<br>buffet, partie instrumentale<br>Année: 1963",Montréal,Aude,"Orgue de tribune
buffet, partie instrumentale",1963
,,11,Cathédrale Saint-Just-et-Saint-Pasteur de Narbonne,"Commune: Narbonne<br>Département: Aude<br>Orgue: Orgue de tribune<br>buffet, partie instrumentale<br>Année: 1840",Narbonne,Aude,"Orgue de tribune
buffet, partie instrumentale",1840
,,12,Église Saint-Paul de Peyriac-de-Mer,Commune: Peyriac-de-Mer<br>Département: Aude<br>Orgue: Orgue de tribune<br>orgue<br>Année: 2005,Peyriac-de-Mer,Aude,"Orgue de tribune
orgue",2005
,,13,Abbaye de Saint-Papoul,"Commune: Saint-Papoul<br>Département: Aude<br>Orgue: Orgue de tribune<br>buffet, partie instrumentale<br>Année: 1967",Saint-Papoul,Aude,"Orgue de tribune
buffet, partie instrumentale",1967
,,14,Église Saint Félix de Sigean,Commune: Sigean<br>Département: Aude<br>Orgue: Orgue de tribune<br>partie instrumentale<br>Année: 1989,Sigean,Aude,"Orgue de tribune
partie instrumentale",1989
,,15,Cathédrale Saint-Jean-Baptiste d'Alès,"Commune: Alès<br>Département: Gard<br>Orgue: Orgue de tribune<br>buffet, partie instrumentale<br>Année: 1962<br>1971",Alès,Gard,"Orgue de tribune
buffet, partie instrumentale","1962
1971"
,,16,Église Saint-Jean-Baptiste de Bagnols-sur-Cèze,Commune: Bagnols-sur-Cèze<br>Département: Gard<br>Orgue: Orgue de tribune<br>buffet<br>Année: 1984,Bagnols-sur-Cèze,Gard,"Orgue de tribune
buffet",1984
,,17,Collégiale Notre-Dame-des-Pommiers de Beaucaire,"Commune: Beaucaire<br>Département: Gard<br>Orgue: Orgue de tribune<br>buffet, partie instrumentale<br>Année: 1973<br>1983",Beaucaire,Gard,"Orgue de tribune
buffet, partie instrumentale","1973
1983"
,,18,Église Saint-Paul de Beaucaire,Commune: Beaucaire<br>Département: Gard<br>Orgue: Orgue de tribune<br>buffet<br>Année: 1994,Beaucaire,Gard,"Orgue de tribune
buffet",1994
,,19,Église Notre-Dame de Bessèges,Commune: Bessèges<br>Département: Gard<br>Orgue: Orgue de tribune<br>partie instrumentale<br>Année: 1991,Bessèges,Gard,"Orgue de tribune
partie instrumentale",1991
,,20,Église Saint-Julien de Chusclan,Commune: Chusclan<br>Département: Gard<br>Orgue: Orgue de tribune<br>partie instrumentale<br>Année: 1979,Chusclan,Gard,"Orgue de tribune
partie instrumentale",1979
,,21,Cathédrale Notre-Dame-et-Saint-Castor de Nîmes,Commune: Nîmes<br>Département: Gard<br>Orgue: Orgue de tribune<br>buffet<br>Année: 1968,Nîmes,Gard,"Orgue de tribune
buffet",1968
,,22,Église Saint-Charles de Nîmes,Commune: Nîmes<br>Département: Gard<br>Orgue: Orgue de tribune<br>partie instrumentale<br>Année: 1986,Nîmes,Gard,"Orgue de tribune
partie instrumentale",1986
,,23,Église Sainte-Perpétue de Nîmes,"Commune: Nîmes<br>Département: Gard<br>Orgue: Orgue de tribune<br>buffet, partie instrumentale<br>Année: 1977<br>1994",Nîmes,Gard,"Orgue de tribune
buffet, partie instrumentale","1977
1994"
,,24,Église Saint-Paul de Nîmes,Commune: Nîmes<br>Département: Gard<br>Orgue: Orgue de tribune<br>partie instrumentale<br>Année: 1977,Nîmes,Gard,"Orgue de tribune
partie instrumentale",1977
,,25,Petit temple de Nîmes,Commune: Nîmes<br>Département: Gard<br>Orgue: Orgue de tribune<br>buffet<br>Année: 1995,Nîmes,Gard,"Orgue de tribune
buffet",1995
,,26,Église Saint-Saturnin de Pont-Saint-Esprit,"Commune: Pont-Saint-Esprit<br>Département: Gard<br>Orgue: Orgue de tribune<br>buffet, partie instrumentale<br>Année: 1996",Pont-Saint-Esprit,Gard,"Orgue de tribune
buffet, partie instrumentale",1996
,,27,Église Saint-Martin de Remoulins,Commune: Remoulins<br>Département: Gard<br>Orgue: Orgue de tribune<br>partie instrumentale<br>Année: 1984,Remoulins,Gard,"Orgue de tribune
partie instrumentale",1984
,,28,eglise et Collégiale Saint Jean-Baptiste de Roquemaure,"Commune: Roquemaure<br>Département: Gard<br>Orgue: Orgue de tribune<br>buffet, partie instrumentale<br>Année: 1972<br>1975",Roquemaure,Gard,"Orgue de tribune
buffet, partie instrumentale","1972
1975"
,,29,Église Saint-Ambroise de Saint-Ambroix,Commune: Saint-Ambroix<br>Département: Gard<br>Orgue: Orgue de chœur<br>partie instrumentale<br>Année: 1979,Saint-Ambroix,Gard,"Orgue de chœur
partie instrumentale",1979
,,30,Abbaye de Saint-Gilles,"Commune: Saint-Gilles<br>Département: Gard<br>Orgue: Orgue de tribune<br>buffet, partie instrumentale<br>Année: 1973<br>1974",Saint-Gilles,Gard,"Orgue de tribune
buffet, partie instrumentale","1973
1974"
,,31,Église Saint-Blaise de Saint-Maximin,Commune: Saint-Maximin<br>Département: Gard<br>Orgue: Orgue de tribune<br>partie instrumentale<br>Année: 1982,Saint-Maximin,Gard,"Orgue de tribune
partie instrumentale",1982
,,32,Temple de Sommières,Commune: Sommières<br>Département: Gard<br>Orgue: Orgue à cylindres<br>partie instrumentale<br>Année: 1989,Sommières,Gard,"Orgue à cylindres
partie instrumentale",1989
,,33,Cathédrale Saint-Théodorit d'Uzès,Commune: Uzès<br>Département: Gard<br>Orgue: Orgue de tribune<br>buffet<br>Année: 1934,Uzès,Gard,"Orgue de tribune
buffet",1934
,,34,Église Saint-Étienne de Uzès,Commune: Uzès<br>Département: Gard<br>Orgue: Orgue de tribune<br>partie instrumentale<br>Année: 1986,Uzès,Gard,"Orgue de tribune
partie instrumentale",1986
,,35,Église Saint-Sever d'Agde,Commune: Agde<br>Département: Hérault<br>Orgue: Orgue de tribune<br>partie instrumentale<br>Année: 1987,Agde,Hérault,"Orgue de tribune
partie instrumentale",1987
,,36,Abbatiale Saint-Sauveur d'Aniane,"Commune: Aniane<br>Département: Hérault<br>Orgue: Orgue de tribune<br>buffet, partie instrumentale<br>Année: 2001",Aniane,Hérault,"Orgue de tribune
buffet, partie instrumentale",2001
,,37,Église Saint-Louis de Bédarieux,"Commune: Bédarieux<br>Département: Hérault<br>Orgue: Orgue de tribune<br>buffet, partie instrumentale<br>Année: 2002",Bédarieux,Hérault,"Orgue de tribune
buffet, partie instrumentale",2002
,,38,Temple de Bédarieux,Commune: Bédarieux<br>Département: Hérault<br>Orgue: Orgue de tribune<br>partie instrumentale<br>Année: 1984,Bédarieux,Hérault,"Orgue de tribune
partie instrumentale",1984
,,39,Cathédrale Saint-Nazaire de Béziers,"Commune: Béziers<br>Département: Hérault<br>Orgue: Orgue de tribune<br>buffet, partie instrumentale, tribune<br>Année: 1840",Béziers,Hérault,"Orgue de tribune
buffet, partie instrumentale, tribune",1840
,,40,Église de la Madeleine de Béziers,Commune: Béziers<br>Département: Hérault<br>Orgue: Orgue de tribune<br>partie instrumentale<br>Année: 1988,Béziers,Hérault,"Orgue de tribune
partie instrumentale",1988
,,41,Basilique Saint_Aphrodise de Béziers,Commune: Béziers<br>Département: Hérault<br>Orgue: Orgue de tribune<br>partie instrumentale<br>Année: 1988,Béziers,Hérault,"Orgue de tribune
partie instrumentale",1988
,,42,Collégiale Saint-Paul de Clermont-l'Hérault,Commune: Clermont-l'Hérault<br>Département: Hérault<br>Orgue: Orgue de tribune<br>partie instrumentale<br>Année: 1979,Clermont-l'Hérault,Hérault,"Orgue de tribune
partie instrumentale",1979
,,43,Église Saint-Pierre-et-Saint-Paul de Ganges,Commune: Ganges<br>Département: Hérault<br>Orgue: Orgue de tribune<br>partie instrumentale<br>Année: 1987,Ganges,Hérault,"Orgue de tribune
partie instrumentale",1987
,,44,Église Saint-Pierre de Gignac,Commune: Gignac<br>Département: Hérault<br>Orgue: Orgue de tribune<br>partie instrumentale<br>Année: 2005,Gignac,Hérault,"Orgue de tribune
partie instrumentale",2005
,,45,Cathédrale Saint Fulcran de Lodève,"Commune: Lodève<br>Département: Hérault<br>Orgue: Orgue de tribune<br>buffet, partie instrumentale<br>Année: 1840",Lodève,Hérault,"Orgue de tribune
buffet, partie instrumentale",1840
,,46,Église Notre-Dame-du-Lac de Lunel,Commune: Lunel<br>Département: Hérault<br>Orgue: Orgue de tribune<br>partie instrumentale<br>Année: 1977,Lunel,Hérault,"Orgue de tribune
partie instrumentale",1977
,,47,Église Saint-Jean-Baptiste de Marseillan,Commune: Marseillan<br>Département: Hérault<br>Orgue: Orgue de tribune<br>partie instrumentale<br>Année: 1980,Marseillan,Hérault,"Orgue de tribune
partie instrumentale",1980
,,48,Église Saint-Hilaire de Mèze,Commune: Mèze<br>Département: Hérault<br>Orgue: Orgue de tribune<br>partie instrumentale<br>Année: 1984,Mèze,Hérault,"Orgue de tribune
partie instrumentale",1984
,,49,Église Saint-Andrée de Montagnac,Commune: Montagnac<br>Département: Hérault<br>Orgue: Orgue de tribune<br>partie instrumentale<br>Année: 1984,Montagnac,Hérault,"Orgue de tribune
partie instrumentale",1984
,,50,Basilique Notre-Dame des Tables,"Commune: Montpellier<br>Département: Hérault<br>Orgue: Orgue de tribune<br>buffet, partie instrumentale<br>Année: 1975",Montpellier,Hérault,"Orgue de tribune
buffet, partie instrumentale",1975
,,51,Cathédrale Saint-Pierre de Montpellier,"Commune: Montpellier<br>Département: Hérault<br>Orgue: Orgue de tribune<br>buffet, partie instrumentale<br>Année: 1962<br>1975<br>1990",Montpellier,Hérault,"Orgue de tribune
buffet, partie instrumentale","1962
1975
1990"
,,52,Église Saint-Saturnin de Nissan-lez-Enserune,Commune: Nissan-lez-Enserune<br>Département: Hérault<br>Orgue: Orgue de tribune<br>partie instrumentale<br>Année: 1984,Nissan-lez-Enserune,Hérault,"Orgue de tribune
partie instrumentale",1984
,,53,Église Saint-Laurent d'Olargues,Commune: Olargues<br>Département: Hérault<br>Orgue: Orgue de tribune<br>partie instrumentale<br>Année: 1984,Olargues,Hérault,"Orgue de tribune
partie instrumentale",1984
,,54,Collégiale Saint-Jean de Pézenas,"Commune: Pézenas<br>Département: Hérault<br>Orgue: Orgue de tribune<br>buffet, partie instrumentale<br>Année: 1907",Pézenas,Hérault,"Orgue de tribune
buffet, partie instrumentale",1907
,,55,Église Notre-Dame-de-Nazareth de Saint-Chinian,Commune: Saint-Chinian<br>Département: Hérault<br>Orgue: Orgue de tribune<br>partie instrumentale<br>Année: 1976,Saint-Chinian,Hérault,"Orgue de tribune
partie instrumentale",1976
,,56,Abbaye de Saint-Guilhem-le-Désert,"Commune: Saint-Guilhem-le-Désert<br>Département: Hérault<br>Orgue: Orgue de tribune<br>buffet, partie instrumentale<br>Année: 1974<br>1975",Saint-Guilhem-le-Désert,Hérault,"Orgue de tribune
buffet, partie instrumentale","1974
1975"
,,57,Cathédrale Saint-Pons de Saint-Pons-de-Thomières,"Commune: Saint-Pons-de-Thomières<br>Département: Hérault<br>Orgue: Orgue de tribune<br>buffet, partie instrumentale<br>Année: 1972",Saint-Pons-de-Thomières,Hérault,"Orgue de tribune
buffet, partie instrumentale",1972
,,58,Église Saint-Louis de Sète,Commune: Sète<br>Département: Hérault<br>Orgue: Orgue de tribune<br>partie instrumentale<br>Année: 1975<br>1994,Sète,Hérault,"Orgue de tribune
partie instrumentale","1975
1994"
,,59,Basilique-cathédrale Notre-Dame-et-Saint-Privat de Mende,"Commune: Mende<br>Département: Lozère<br>Orgue: Orgue de tribune<br>buffet, partie instrumentale<br>Année: 1840<br>1906<br>1975",Mende,Lozère,"Orgue de tribune
buffet, partie instrumentale","1840
1906
1975"
,,60,Abbaye Sainte-Marie d'Arles-sur-Tech,"Commune: Arles-sur-Tech<br>Département: Pyrénées-Orientales<br>Orgue: Orgue de tribune<br>buffet, partie instrumentale<br>Année: 1955<br>1975",Arles-sur-Tech,Pyrénées-Orientales,"Orgue de tribune
buffet, partie instrumentale","1955
1975"
,,61,Église Saint-Pierre de Céret,Commune: Céret<br>Département: Pyrénées-Orientales<br>Orgue: Orgue de tribune<br>partie instrumentale<br>Année: 1993,Céret,Pyrénées-Orientales,"Orgue de tribune
partie instrumentale",1993
,,62,Cathédrale Sainte-Eulalie-et-Sainte-Julie d'Elne,Commune: Elne<br>Département: Pyrénées-Orientales<br>Orgue: Orgue de tribune<br>partie instrumentale<br>Année: 1987,Elne,Pyrénées-Orientales,"Orgue de tribune
partie instrumentale",1987
,,63,Église Saint-Étienne d'Ille-sur-Têt,Commune: Ille-sur-Têt<br>Département: Pyrénées-Orientales<br>Orgue: Orgue de tribune<br>partie instrumentale<br>Année: 1975,Ille-sur-Têt,Pyrénées-Orientales,"Orgue de tribune
partie instrumentale",1975
,,64,Cathédrale Saint-Jean-Baptiste de Perpignan,"Commune: Perpignan<br>Département: Pyrénées-Orientales<br>Orgue: Orgue de tribune<br>buffet, partie instrumentale<br>Année: 1899<br>1964",Perpignan,Pyrénées-Orientales,"Orgue de tribune
buffet, partie instrumentale","1899
1964"
,,65,Église Notre-Dame-la-Réal,"Commune: Perpignan<br>Département: Pyrénées-Orientales<br>Orgue: Orgue de tribune<br>buffet, partie instrumentale<br>Année: 1973<br>1975",Perpignan,Pyrénées-Orientales,"Orgue de tribune
buffet, partie instrumentale","1973
1975"
,,66,Église Saint-Mathieu de Perpignan,"Commune: Perpignan<br>Département: Pyrénées-Orientales<br>Orgue: Orgue de tribune<br>buffet, partie instrumentale<br>Année: 1975<br>1976",Perpignan,Pyrénées-Orientales,"Orgue de tribune
buffet, partie instrumentale","1975
1976"
,,67,Église Saint-Pierre de Prades,Commune: Prades<br>Département: Pyrénées-Orientales<br>Orgue: Orgue de tribune<br>partie instrumentale<br>Année: 1955,Prades,Pyrénées-Orientales,"Orgue de tribune
partie instrumentale",1955
,,68,Église Sainte-Juste-et-Sainte-Ruffine de Prats-de-Mollo-la-Preste,"Commune: Prats-de-Mollo-la-Preste<br>Département: Pyrénées-Orientales<br>Orgue: Orgue de tribune<br>buffet, partie instrumentale<br>Année: 1933",Prats-de-Mollo-la-Preste,Pyrénées-Orientales,"Orgue de tribune
buffet, partie instrumentale",1933
,,69,Église Saint-André de Rivesaltes,Commune: Rivesaltes<br>Département: Pyrénées-Orientales<br>Orgue: Orgue de tribune<br>partie instrumentale<br>Année: 1976,Rivesaltes,Pyrénées-Orientales,"Orgue de tribune
partie instrumentale",1976
,,70,Église Saint-Laurent de Saint-Laurent-de-la-Salanque,Commune: Saint-Laurent-de-la-Salanque<br>Département: Pyrénées-Orientales<br>Orgue: Orgue de tribune<br>partie instrumentale<br>Année: 1991,Saint-Laurent-de-la-Salanque,Pyrénées-Orientales,"Orgue de tribune
partie instrumentale",1991
,,71,Église Saint-Julien et Sainte-Baselisse de Vinça,"Commune: Vinça<br>Département: Pyrénées-Orientales<br>Orgue: Orgue de tribune<br>buffet, partie instrumentale<br>Année: 1973<br>1975",Vinça,Pyrénées-Orientales,"Orgue de tribune
buffet, partie instrumentale","1973
1975"
