X,Y,gid,Name,description,D__partement,Commune,Orgue
,,1,Cathédrale Saint-Jérôme de Digne,Département: Alpes-de-Haute-Provence<br>Commune: Digne-les-Bains<br>Orgue: Orgue de tribune<br>partie instrumentale,Alpes-de-Haute-Provence,Digne-les-Bains,"Orgue de tribune
partie instrumentale"
,,2,Cathédrale Notre-Dame-de-l'Assomption d'Entrevaux,"Département: Alpes-de-Haute-Provence<br>Commune: Entrevaux<br>Orgue: Orgue de tribune<br>buffet, partie instrumentale",Alpes-de-Haute-Provence,Entrevaux,"Orgue de tribune
buffet, partie instrumentale"
,,3,Concathédrale Notre-Dame-du-Bourguet de Forcalquier,"Département: Alpes-de-Haute-Provence<br>Commune: Forcalquier<br>Orgue: Orgue de tribune<br>buffet, tribune",Alpes-de-Haute-Provence,Forcalquier,"Orgue de tribune
buffet, tribune"
,,4,Église Saint-Sauveur de Manosque,"Département: Alpes-de-Haute-Provence<br>Commune: Manosque<br>Orgue: Orgue de tribune<br>buffet, partie instrumentale, tribune",Alpes-de-Haute-Provence,Manosque,"Orgue de tribune
buffet, partie instrumentale, tribune"
,,5,Cathédrale Notre-Dame-de-l'Assomption de Riez,Département: Alpes-de-Haute-Provence<br>Commune: Riez<br>Orgue: Orgue de tribune<br>partie instrumentale,Alpes-de-Haute-Provence,Riez,"Orgue de tribune
partie instrumentale"
,,6,Cathédrale Notre-Dame-des-Pommiers,Département: Alpes-de-Haute-Provence<br>Commune: Sisteron<br>Orgue: Orgue de tribune<br>partie instrumentale,Alpes-de-Haute-Provence,Sisteron,"Orgue de tribune
partie instrumentale"
,,7,Église Santa-Maria-in-Albis de Breil-sur-Roya,Département: Alpes-Maritimes<br>Commune: Breil-sur-Roya<br>Orgue: Orgue de tribune<br>buffet,Alpes-Maritimes,Breil-sur-Roya,"Orgue de tribune
buffet"
,,8,Église Saint-Martin de La Brigue,"Département: Alpes-Maritimes<br>Commune: La Brigue<br>Orgue: Orgue de tribune<br>buffet, partie instrumentale",Alpes-Maritimes,La Brigue,"Orgue de tribune
buffet, partie instrumentale"
,,9,"eglise  Sainte-Marie, Clans","Département: Alpes-Maritimes<br>Commune: Clans<br>Orgue: Orgue de tribune<br>buffet, partie instrumentale, tribune",Alpes-Maritimes,Clans,"Orgue de tribune
buffet, partie instrumentale, tribune"
,,10,"eglise Saint-Pierre aux Liens, L'Escarène","Département: Alpes-Maritimes<br>Commune: L'Escarène<br>Orgue: Orgue de tribune<br>buffet, partie instrumentale",Alpes-Maritimes,L'Escarène,"Orgue de tribune
buffet, partie instrumentale"
,,11,Basilique Saint-Michel-Archange de Menton,Département: Alpes-Maritimes<br>Commune: Menton<br>Orgue: Orgue de tribune<br>buffet,Alpes-Maritimes,Menton,"Orgue de tribune
buffet"
,,12,Église des Pénitents noirs de Menton,Département: Alpes-Maritimes<br>Commune: Menton<br>Orgue: Orgue de tribune<br>partie instrumentale,Alpes-Maritimes,Menton,"Orgue de tribune
partie instrumentale"
,,13,Chapelle des Pénitents bleus de Nice,Département: Alpes-Maritimes<br>Commune: Nice<br>Orgue: Orgue de tribune<br>orgue,Alpes-Maritimes,Nice,"Orgue de tribune
orgue"
,,14,Chapelle des Pénitents rouges de Nice,"Département: Alpes-Maritimes<br>Commune: Nice<br>Orgue: Orgue de tribune<br>buffet, partie instrumentale",Alpes-Maritimes,Nice,"Orgue de tribune
buffet, partie instrumentale"
,,15,Chapelle de la Providence de Nice,"Département: Alpes-Maritimes<br>Commune: Nice<br>Orgue: Orgue de tribune<br>buffet, partie instrumentale",Alpes-Maritimes,Nice,"Orgue de tribune
buffet, partie instrumentale"
,,16,Villa Beau Site,Département: Alpes-Maritimes<br>Commune: Nice<br>Orgue: Orgue positif<br>buffet,Alpes-Maritimes,Nice,"Orgue positif
buffet"
,,17,Église Saint-Jean de Saint-Étienne-de-Tinée,Département: Alpes-Maritimes<br>Commune: Saint-Étienne-de-Tinée<br>Orgue: Orgue de tribune<br>partie instrumentale,Alpes-Maritimes,Saint-Étienne-de-Tinée,"Orgue de tribune
partie instrumentale"
,,18,"eglise St Sauveur, Saorge","Département: Alpes-Maritimes<br>Commune: Saorge<br>Orgue: Orgue de tribune<br>buffet, partie instrumentale",Alpes-Maritimes,Saorge,"Orgue de tribune
buffet, partie instrumentale"
,,19,Cocathédrale Saint-Michel de Sospel,"Département: Alpes-Maritimes<br>Commune: Sospel<br>Orgue: Orgue de tribune<br>buffet, partie instrumentale",Alpes-Maritimes,Sospel,"Orgue de tribune
buffet, partie instrumentale"
,,20,Chapelle de l'Annonciation,"Département: Alpes-Maritimes<br>Commune: Tende<br>Orgue: Orgue de tribune<br>buffet, partie instrumentale",Alpes-Maritimes,Tende,"Orgue de tribune
buffet, partie instrumentale"
,,21,Cathédrale de la Nativité-de-Notre-Dame de Vence,Département: Alpes-Maritimes<br>Commune: Vence<br>Orgue: Orgue de tribune<br>partie instrumentale,Alpes-Maritimes,Vence,"Orgue de tribune
partie instrumentale"
,,22,Église Saint-Jean de Villars-sur-Var,Département: Alpes-Maritimes<br>Commune: Villars-sur-Var<br>Orgue: Orgue à cylindres<br>partie instrumentale,Alpes-Maritimes,Villars-sur-Var,"Orgue à cylindres
partie instrumentale"
,,23,Église Saint-Marcel de Villefranche-sur-Mer,Département: Alpes-Maritimes<br>Commune: Villefranche-sur-Mer<br>Orgue: Orgue de tribune<br>buffet,Alpes-Maritimes,Villefranche-sur-Mer,"Orgue de tribune
buffet"
,,24,Église Saint-Michel de Villefranche-sur-Mer,"Département: Alpes-Maritimes<br>Commune: Villefranche-sur-Mer<br>Orgue: Orgue de tribune<br>buffet, partie instrumentale",Alpes-Maritimes,Villefranche-sur-Mer,"Orgue de tribune
buffet, partie instrumentale"
,,25,Cathédrale Saint-Sauveur d'Aix-en-Provence,"Département: Bouches-du-Rhône<br>Commune: Aix-en-Provence<br>Orgue: Orgue de tribune<br>buffet, partie instrumentale",Bouches-du-Rhône,Aix-en-Provence,"Orgue de tribune
buffet, partie instrumentale"
,,26,"eglise de la Madeleine, Aix-en-Provence","Département: Bouches-du-Rhône<br>Commune: Aix-en-Provence<br>Orgue: Orgue de tribune<br>buffet, partie instrumentale",Bouches-du-Rhône,Aix-en-Provence,"Orgue de tribune
buffet, partie instrumentale"
,,27,Église du Saint-Esprit d'Aix-en-Provence,"Département: Bouches-du-Rhône<br>Commune: Aix-en-Provence<br>Orgue: Orgue de tribune<br>buffet, partie instrumentale",Bouches-du-Rhône,Aix-en-Provence,"Orgue de tribune
buffet, partie instrumentale"
,,28,Temple de la rue de la Masse,Département: Bouches-du-Rhône<br>Commune: Aix-en-Provence<br>Orgue: Orgue de tribune<br>partie instrumentale,Bouches-du-Rhône,Aix-en-Provence,"Orgue de tribune
partie instrumentale"
,,29,Chapelle Notre-Dame-de-Beauvois d'Allauch,Département: Bouches-du-Rhône<br>Commune: Allauch<br>Orgue: Orgue de tribune<br>partie instrumentale,Bouches-du-Rhône,Allauch,"Orgue de tribune
partie instrumentale"
,,30,Église Saint-Sauveur d'Aubagne,Département: Bouches-du-Rhône<br>Commune: Aubagne<br>Orgue: Orgue de tribune<br>partie instrumentale,Bouches-du-Rhône,Aubagne,"Orgue de tribune
partie instrumentale"
,,64,Collégiale basilique Saint-Pierre d'Avignon,Département: Vaucluse<br>Commune: Avignon<br>Orgue: Orgue de tribune<br>orgue,Vaucluse,Avignon,"Orgue de tribune
orgue"
,,31,Église Notre-Dame d'Eygalières,"Département: Bouches-du-Rhône<br>Commune: Eygalières<br>Orgue: Orgue de tribune<br>buffet, partie instrumentale",Bouches-du-Rhône,Eygalières,"Orgue de tribune
buffet, partie instrumentale"
,,32,Église Notre-Dame d'Eyguières,Département: Bouches-du-Rhône<br>Commune: Eyguières<br>Orgue: Orgue de tribune<br>orgue,Bouches-du-Rhône,Eyguières,"Orgue de tribune
orgue"
,,33,Église Notre-Dame-de-l'Assomption de Lambesc,"Département: Bouches-du-Rhône<br>Commune: Lambesc<br>Orgue: Orgue de tribune<br>buffet, partie instrumentale",Bouches-du-Rhône,Lambesc,"Orgue de tribune
buffet, partie instrumentale"
,,34,Abbaye Saint-Victor de Marseille,Département: Bouches-du-Rhône<br>Commune: Marseille<br>Orgue: Orgue de tribune<br>partie instrumentale,Bouches-du-Rhône,Marseille,"Orgue de tribune
partie instrumentale"
,,35,Cathédrale Sainte-Marie-Majeure de Marseille,Département: Bouches-du-Rhône<br>Commune: Marseille<br>Orgue: Orgue de tribune<br>partie instrumentale,Bouches-du-Rhône,Marseille,"Orgue de tribune
partie instrumentale"
,,36,Église Notre-Dame-du-Mont,Département: Bouches-du-Rhône<br>Commune: Marseille<br>Orgue: Orgue de tribune<br>partie instrumentale,Bouches-du-Rhône,Marseille,"Orgue de tribune
partie instrumentale"
,,37,Église Saint-Cannat,Département: Bouches-du-Rhône<br>Commune: Marseille<br>Orgue: Orgue de tribune<br>buffet,Bouches-du-Rhône,Marseille,"Orgue de tribune
buffet"
,,38,Église Saint-Charles de Marseille,Département: Bouches-du-Rhône<br>Commune: Marseille<br>Orgue: Orgue de tribune<br>partie instrumentale,Bouches-du-Rhône,Marseille,"Orgue de tribune
partie instrumentale"
,,39,Église Saint-Joseph de Marseille,Département: Bouches-du-Rhône<br>Commune: Marseille<br>Orgue: Orgue de tribune<br>partie instrumentale,Bouches-du-Rhône,Marseille,"Orgue de tribune
partie instrumentale"
,,40,Église Saint-Théodore de Marseille,Département: Bouches-du-Rhône<br>Commune: Marseille<br>Orgue: Orgue de tribune<br>buffet,Bouches-du-Rhône,Marseille,"Orgue de tribune
buffet"
,,41,Église Saint-Vincent-de-Paul de Marseille,Département: Bouches-du-Rhône<br>Commune: Marseille<br>Orgue: Orgue de tribune<br>partie instrumentale,Bouches-du-Rhône,Marseille,"Orgue de tribune
partie instrumentale"
,,42,Église Sainte-Madeleine-de-l'Île de Martigues,"Département: Bouches-du-Rhône<br>Commune: Martigues<br>Orgue: Orgue de tribune<br>buffet, partie instrumentale",Bouches-du-Rhône,Martigues,"Orgue de tribune
buffet, partie instrumentale"
,,43,Église Saint-Laurent de Salon-de-Provence,Département: Bouches-du-Rhône<br>Commune: Salon-de-Provence<br>Orgue: Orgue de tribune<br>partie instrumentale,Bouches-du-Rhône,Salon-de-Provence,"Orgue de tribune
partie instrumentale"
,,44,Église Saint-Michel de Salon-de-Provence,Département: Bouches-du-Rhône<br>Commune: Salon-de-Provence<br>Orgue: Orgue de tribune<br>partie instrumentale,Bouches-du-Rhône,Salon-de-Provence,"Orgue de tribune
partie instrumentale"
,,45,Église Sainte-Marthe de Tarascon,"Département: Bouches-du-Rhône<br>Commune: Tarascon<br>Orgue: Orgue de tribune<br>buffet, partie instrumentale",Bouches-du-Rhône,Tarascon,"Orgue de tribune
buffet, partie instrumentale"
,,46,Église Saint-Jacques de Tarascon,Département: Bouches-du-Rhône<br>Commune: Tarascon<br>Orgue: Orgue de tribune<br>buffet,Bouches-du-Rhône,Tarascon,"Orgue de tribune
buffet"
,,47,collégiale Notre-Dame et Saint-Nicolas de Briançon,Département: Hautes-Alpes<br>Commune: Briançon<br>Orgue: Orgue<br>buffet,Hautes-Alpes,Briançon,"Orgue
buffet"
,,48,Cathédrale Notre-Dame d'Embrun,"Département: Hautes-Alpes<br>Commune: Embrun<br>Orgue: Orgue de chœur<br>partie instrumentale, tuyaux",Hautes-Alpes,Embrun,"Orgue de chœur
partie instrumentale, tuyaux"
,,49,Cathédrale Notre-Dame d'Embrun,"Département: Hautes-Alpes<br>Commune: Embrun<br>Orgue: Orgue de tribune<br>buffet, partie instrumentale",Hautes-Alpes,Embrun,"Orgue de tribune
buffet, partie instrumentale"
,,50,Église Saint-Chaffrey de Saint-Chaffrey,Département: Hautes-Alpes<br>Commune: Saint-Chaffrey<br>Orgue: Orgue à cylindres<br>orgue,Hautes-Alpes,Saint-Chaffrey,"Orgue à cylindres
orgue"
,,51,Église Saint-Grégoire de Tallard,Département: Hautes-Alpes<br>Commune: Tallard<br>Orgue: Orgue<br>buffet,Hautes-Alpes,Tallard,"Orgue
buffet"
,,52,"église N.D. de l'Assomption,  Barjols","Département: Var<br>Commune: Barjols<br>Orgue: Orgue de tribune<br>buffet, partie instrumentale",Var,Barjols,"Orgue de tribune
buffet, partie instrumentale"
,,53,Église Saint-Sauveur de Brignoles,Département: Var<br>Commune: Brignoles<br>Orgue: Orgue de tribune<br>orgue,Var,Brignoles,"Orgue de tribune
orgue"
,,54,"eglise Notre-Dame de l'Assomption, Cuers","Département: Var<br>Commune: Cuers<br>Orgue: Orgue de tribune<br>buffet, partie instrumentale",Var,Cuers,"Orgue de tribune
buffet, partie instrumentale"
,,55,Collégiale Saint-Martin de Lorgues,Département: Var<br>Commune: Lorgues<br>Orgue: Orgue de tribune<br>partie instrumentale,Var,Lorgues,"Orgue de tribune
partie instrumentale"
,,56,Église de la Nativité-de-la-Vierge de Pignans,"Département: Var<br>Commune: Pignans<br>Orgue: Orgue de tribune<br>buffet, partie instrumentale",Var,Pignans,"Orgue de tribune
buffet, partie instrumentale"
,,57,Abbatiale Sainte-Marie-Magdeleine de Saint-Maximin-la-Sainte-Baume,"Département: Var<br>Commune: Saint-Maximin-la-Sainte-Baume<br>Orgue: Orgue de tribune<br>buffet, partie instrumentale",Var,Saint-Maximin-la-Sainte-Baume,"Orgue de tribune
buffet, partie instrumentale"
,,58,Église Notre-Dame-du-Bon-Voyage de La Seyne-sur-Mer,Département: Var<br>Commune: La Seyne-sur-Mer<br>Orgue: Orgue de tribune<br>partie instrumentale,Var,La Seyne-sur-Mer,"Orgue de tribune
partie instrumentale"
,,59,Église Saint-Jean-Baptiste de Solliès-Pont,Département: Var<br>Commune: Solliès-Pont<br>Orgue: Orgue de tribune<br>partie instrumentale,Var,Solliès-Pont,"Orgue de tribune
partie instrumentale"
,,60,Église Saint-Michel de Solliès-Ville,Département: Var<br>Commune: Solliès-Ville<br>Orgue: Orgue de tribune<br>buffet,Var,Solliès-Ville,"Orgue de tribune
buffet"
,,61,Cathédrale Sainte-Anne d'Apt,"Département: Vaucluse<br>Commune: Apt<br>Orgue: Orgue de tribune<br>buffet, tribune",Vaucluse,Apt,"Orgue de tribune
buffet, tribune"
,,62,Cathédrale Notre-Dame des Doms d'Avignon,"Département: Vaucluse<br>Commune: Avignon<br>Orgue: Orgue de tribune<br>buffet, partie instrumentale",Vaucluse,Avignon,"Orgue de tribune
buffet, partie instrumentale"
,,63,Collégiale Saint-Agricol d'Avignon,Département: Vaucluse<br>Commune: Avignon<br>Orgue: Orgue de tribune<br>partie instrumentale,Vaucluse,Avignon,"Orgue de tribune
partie instrumentale"
,,65,Église Saint-Symphorien d'Avignon,Département: Vaucluse<br>Commune: Avignon<br>Orgue: Orgue de tribune<br>partie instrumentale,Vaucluse,Avignon,"Orgue de tribune
partie instrumentale"
,,66,Église Saint-Martin de Bollène,Département: Vaucluse<br>Commune: Bollène<br>Orgue: Orgue de tribune<br>partie instrumentale,Vaucluse,Bollène,"Orgue de tribune
partie instrumentale"
,,67,Église Saint-Maurice de Caromb,"Département: Vaucluse<br>Commune: Caromb<br>Orgue: Orgue de tribune<br>buffet, partie instrumentale",Vaucluse,Caromb,"Orgue de tribune
buffet, partie instrumentale"
,,68,Cathédrale Saint-Siffrein de Carpentras,Département: Vaucluse<br>Commune: Carpentras<br>Orgue: Orgue de tribune<br>buffet,Vaucluse,Carpentras,"Orgue de tribune
buffet"
,,69,Cathédrale Notre-Dame-et-Saint-Véran de Cavaillon,"Département: Vaucluse<br>Commune: Cavaillon<br>Orgue: Orgue de tribune<br>buffet, partie instrumentale, tribune",Vaucluse,Cavaillon,"Orgue de tribune
buffet, partie instrumentale, tribune"
,,70,"Église Saint-Denis,  Courthézon",Département: Vaucluse<br>Commune: Courthézon<br>Orgue: Orgue de tribune<br>partie instrumentale,Vaucluse,Courthézon,"Orgue de tribune
partie instrumentale"
,,71,Collégiale Notre-Dame-des-Anges de L'Isle-sur-la-Sorgue,"Département: Vaucluse<br>Commune: L'Isle-sur-la-Sorgue<br>Orgue: Orgue de tribune<br>buffet, partie instrumentale, tribune",Vaucluse,L'Isle-sur-la-Sorgue,"Orgue de tribune
buffet, partie instrumentale, tribune"
,,72,"Église Notre-Dame, Lauris",Département: Vaucluse<br>Commune: Lauris<br>Orgue: Orgue de tribune<br>partie instrumentale,Vaucluse,Lauris,"Orgue de tribune
partie instrumentale"
,,73,Église Saint-Michel de Malaucène,"Département: Vaucluse<br>Commune: Malaucène<br>Orgue: Orgue de tribune<br>buffet, partie instrumentale",Vaucluse,Malaucène,"Orgue de tribune
buffet, partie instrumentale"
,,74,Église Notre-Dame-de-Nazareth de Pernes-les-Fontaines,Département: Vaucluse<br>Commune: Pernes-les-Fontaines<br>Orgue: Orgue de tribune<br>partie instrumentale,Vaucluse,Pernes-les-Fontaines,"Orgue de tribune
partie instrumentale"
,,75,Église Saint-Nicolas de Pertuis,Département: Vaucluse<br>Commune: Pertuis<br>Orgue: Orgue de tribune<br>partie instrumentale,Vaucluse,Pertuis,"Orgue de tribune
partie instrumentale"
,,76,Église Notre-Dame-de-Nazareth,"Département: Vaucluse<br>Commune: Valréas<br>Orgue: Orgue de tribune<br>buffet, partie instrumentale",Vaucluse,Valréas,"Orgue de tribune
buffet, partie instrumentale"
