X,Y,gid,Name,description,D__partement,Commune,lieu,Orgue,Ann__e
,,1,Église Saint-Nicolas d'Arleux,"Département: Nord<br>Commune: Arleux<br>lieu: eglise<br>Orgue: Orgue de tribune<br>buffet, tribune<br>Année: 1971",Nord,Arleux,eglise,"Orgue de tribune
buffet, tribune",1971
,,2,Église Saint-Martin d'Arnèke,Département: Nord<br>Commune: Arnèke<br>lieu: eglise<br>Orgue: Orgue de tribune<br>buffet<br>Année: 1973,Nord,Arnèke,eglise,"Orgue de tribune
buffet",1973
,,3,Église Saint-Martin d'Aulnoy-lez-Valenciennes,Département: Nord<br>Commune: Aulnoy-lez-Valenciennes<br>lieu: eglise<br>Orgue: Orgue de tribune<br>buffet<br>Année: 1996,Nord,Aulnoy-lez-Valenciennes,eglise,"Orgue de tribune
buffet",1996
,,4,Église Saint-Omer de Bambecque,"Département: Nord<br>Commune: Bambecque<br>lieu: eglise<br>Orgue: Orgue de tribune<br>buffet, partie instrumentale<br>Année: 1973",Nord,Bambecque,eglise,"Orgue de tribune
buffet, partie instrumentale",1973
,,5,Église Saint-Géry de Bierné,"Département: Nord<br>Commune: Bierne<br>lieu: eglise<br>Orgue: Orgue de tribune<br>buffet, tribune<br>Année: 1976",Nord,Bierne,eglise,"Orgue de tribune
buffet, tribune",1976
,,6,Église Saint-Martin de Blaringhem,"Département: Nord<br>Commune: Blaringhem<br>lieu: eglise<br>Orgue: Orgue de tribune<br>buffet, tribune<br>Année: 1982",Nord,Blaringhem,eglise,"Orgue de tribune
buffet, tribune",1982
,,7,Église Saint-Martin de Boeschepe,Département: Nord<br>Commune: Boeschepe<br>lieu: eglise<br>Orgue: Orgue de tribune<br>buffet<br>Année: 2005,Nord,Boeschepe,eglise,"Orgue de tribune
buffet",2005
,,8,Église Saint-Léger de Boëseghem,Département: Nord<br>Commune: Boëseghem<br>lieu: eglise<br>Orgue: Orgue de tribune<br>partie instrumentale<br>Année: 1982,Nord,Boëseghem,eglise,"Orgue de tribune
partie instrumentale",1982
,,9,Église Saint-Wandrille de Bollezeele,Département: Nord<br>Commune: Bollezeele<br>lieu: eglise<br>Orgue: Orgue de tribune<br>buffet<br>Année: 1973,Nord,Bollezeele,eglise,"Orgue de tribune
buffet",1973
,,10,Église Saint-Maurice de Bouvignies,Département: Nord<br>Commune: Bouvignies<br>lieu: eglise<br>Orgue: Orgue de tribune<br>buffet<br>Année: 1973,Nord,Bouvignies,eglise,"Orgue de tribune
buffet",1973
,,11,Église Saint-Omer de Brouckerque,"Département: Nord<br>Commune: Brouckerque<br>lieu: eglise<br>Orgue: Orgue de tribune<br>buffet, tribune<br>Année: 1975",Nord,Brouckerque,eglise,"Orgue de tribune
buffet, tribune",1975
,,12,Église Saint-Omer de Caëstre,Département: Nord<br>Commune: Caëstre<br>lieu: eglise<br>Orgue: Orgue de tribune<br>buffet<br>Année: 2005,Nord,Caëstre,eglise,"Orgue de tribune
buffet",2005
,,13,Cathédrale Notre-Dame-de-Grâce de Cambrai,Département: Nord<br>Commune: Cambrai<br>lieu: cathedrale<br>Orgue: Orgue de tribune<br>buffet<br>Année: 1982,Nord,Cambrai,cathedrale,"Orgue de tribune
buffet",1982
,,14,Église Saint-Géry de Cambrai,Département: Nord<br>Commune: Cambrai<br>lieu: eglise<br>Orgue: Orgue de tribune<br>buffet<br>Année: 1981,Nord,Cambrai,eglise,"Orgue de tribune
buffet",1981
,,15,Église Saint-Martin,Département: Nord<br>Commune: Le Cateau-Cambrésis<br>lieu: eglise<br>Orgue: Orgue de tribune<br>buffet<br>Année: 1984,Nord,Le Cateau-Cambrésis,eglise,"Orgue de tribune
buffet",1984
,,16,Église Saint-Quentin de Clary,Département: Nord<br>Commune: Clary<br>lieu: <br>Orgue: Orgue de tribune<br>partie instrumentale<br>Année: 1990,Nord,Clary,,"Orgue de tribune
partie instrumentale",1990
,,17,Église Saint-Wasnon de Condé-sur-l'Escaut,Département: Nord<br>Commune: Condé-sur-l'Escaut<br>lieu: eglise<br>Orgue: Orgue de tribune<br>buffet<br>Année: 1985,Nord,Condé-sur-l'Escaut,eglise,"Orgue de tribune
buffet",1985
,,18,Église de l'Immaculée-Conception de Curgies,"Département: Nord<br>Commune: Curgies<br>lieu: eglise<br>Orgue: Orgue de tribune<br>buffet, tribune<br>Année: 1982",Nord,Curgies,eglise,"Orgue de tribune
buffet, tribune",1982
,,19,Collégiale Saint-Pierre de Douai,"Département: Nord<br>Commune: Douai<br>lieu: collégiale<br>Orgue: Orgue de tribune<br>buffet, partie instrumentale<br>Année: 1906",Nord,Douai,collégiale,"Orgue de tribune
buffet, partie instrumentale",1906
,,20,Église Saint-Jacques de Douai,Département: Nord<br>Commune: Douai<br>lieu: eglise<br>Orgue: Orgue de tribune<br>buffet<br>Année: 1975,Nord,Douai,eglise,"Orgue de tribune
buffet",1975
,,21,Église Saint-André de Fenain,"Département: Nord<br>Commune: Fenain<br>lieu: eglise<br>Orgue: Orgue de tribune<br>buffet, partie instrumentale<br>Année: 1978",Nord,Fenain,eglise,"Orgue de tribune
buffet, partie instrumentale",1978
,,22,Église Saint-Willibrord de Gravelines,"Département: Nord<br>Commune: Gravelines<br>lieu: eglise<br>Orgue: Orgue de tribune<br>buffet, partie instrumentale<br>Année: 1982",Nord,Gravelines,eglise,"Orgue de tribune
buffet, partie instrumentale",1982
,,23,Église Saint-Martin d'Hardifort,Département: Nord<br>Commune: Hardifort<br>lieu: eglise<br>Orgue: Orgue de tribune<br>partie instrumentale<br>Année: 1980,Nord,Hardifort,eglise,"Orgue de tribune
partie instrumentale",1980
,,24,Église Notre-Dame-de-l'Assomption d'Herzeele,"Département: Nord<br>Commune: Herzeele<br>lieu: eglise<br>Orgue: Orgue de tribune<br>buffet, partie instrumentale, tribune<br>Année: 1980",Nord,Herzeele,eglise,"Orgue de tribune
buffet, partie instrumentale, tribune",1980
,,25,Église Saint-Vaast d'Hondschoote,"Département: Nord<br>Commune: Hondschoote<br>lieu: eglise<br>Orgue: Orgue de tribune<br>buffet, tribune<br>Année: 1978",Nord,Hondschoote,eglise,"Orgue de tribune
buffet, tribune",1978
,,26,Église Saint-Antoine d'Houtkerque,"Département: Nord<br>Commune: Houtkerque<br>lieu: eglise<br>Orgue: Orgue de tribune<br>buffet, partie instrumentale, tribune<br>Année: 1980",Nord,Houtkerque,eglise,"Orgue de tribune
buffet, partie instrumentale, tribune",1980
,,27,Église Saint-Michel de Killem,"Département: Nord<br>Commune: Killem<br>lieu: <br>Orgue: Orgue de tribune<br>buffet, tribune<br>Année: 1980",Nord,Killem,,"Orgue de tribune
buffet, tribune",1980
,,28,Église Saint-Vaast de Leers,Département: Nord<br>Commune: Leers<br>lieu: eglise<br>Orgue: Orgue de tribune<br>buffet<br>Année: 1973,Nord,Leers,eglise,"Orgue de tribune
buffet",1973
,,29,Église du Sacré-Cœur de Lille,Département: Nord<br>Commune: Lille<br>lieu: eglise<br>Orgue: Orgue de chœur<br>partie instrumentale<br>Année: 1990,Nord,Lille,eglise,"Orgue de chœur
partie instrumentale",1990
,,30,Église du Sacré-Cœur de Lille,Département: Nord<br>Commune: Lille<br>lieu: eglise<br>Orgue: Orgue de tribune<br>buffet<br>Année: 1982,Nord,Lille,eglise,"Orgue de tribune
buffet",1982
,,31,Église Saint-André de Lille,Département: Nord<br>Commune: Lille<br>lieu: eglise<br>Orgue: Orgue de chœur<br>Année: 1982,Nord,Lille,eglise,Orgue de chœur,1982
,,32,Église Saint-André de Lille,Département: Nord<br>Commune: Lille<br>lieu: eglise<br>Orgue: Orgue de chœur<br>buffet<br>Année: 1973,Nord,Lille,eglise,"Orgue de chœur
buffet",1973
,,33,Église Saint-Denis-d'Hellemmes de Lille,Département: Nord<br>Commune: Lille<br>lieu: eglise<br>Orgue: Orgue de tribune<br>partie instrumentale<br>Année: 1990,Nord,Lille,eglise,"Orgue de tribune
partie instrumentale",1990
,,34,Église Sainte-Catherine de Lille,Département: Nord<br>Commune: Lille<br>lieu: eglise<br>Orgue: Orgue de tribune<br>buffet<br>Année: 1973,Nord,Lille,eglise,"Orgue de tribune
buffet",1973
,,35,Église Saint-Étienne de Lille,Département: Nord<br>Commune: Lille<br>lieu: eglise<br>Orgue: Orgue de tribune<br>partie instrumentale<br>Année: 1980,Nord,Lille,eglise,"Orgue de tribune
partie instrumentale",1980
,,36,Église Saint-Sauveur de Lille,Département: Nord<br>Commune: Lille<br>lieu: eglise<br>Orgue: Orgue de chœur<br>partie instrumentale<br>Année: 1991,Nord,Lille,eglise,"Orgue de chœur
partie instrumentale",1991
,,37,Église Saint-Sauveur de Lille,Département: Nord<br>Commune: Lille<br>lieu: eglise<br>Orgue: Orgue de tribune<br>partie instrumentale<br>Année: 1991,Nord,Lille,eglise,"Orgue de tribune
partie instrumentale",1991
,,38,Église Saint-Vincent-de-Paul de Lille,"Département: Nord<br>Commune: Lille<br>lieu: eglise<br>Orgue: Orgue de tribune<br>buffet, partie instrumentale<br>Année: 1973",Nord,Lille,eglise,"Orgue de tribune
buffet, partie instrumentale",1973
,,39,Église Saint-Martin de Looberghe,"Département: Nord<br>Commune: Looberghe<br>lieu: eglise<br>Orgue: Orgue de tribune<br>buffet, partie instrumentale<br>Année: 1980",Nord,Looberghe,eglise,"Orgue de tribune
buffet, partie instrumentale",1980
,,40,Église Sainte-Rictrude de Marchiennes,Département: Nord<br>Commune: Marchiennes<br>lieu: eglise<br>Orgue: Orgue de tribune<br>partie instrumentale<br>Année: 1980,Nord,Marchiennes,eglise,"Orgue de tribune
partie instrumentale",1980
,,41,Église Saint-Humbert de Maroilles,"Département: Nord<br>Commune: Maroilles<br>lieu: eglise<br>Orgue: Orgue de tribune<br>buffet, partie instrumentale<br>Année: 1965",Nord,Maroilles,eglise,"Orgue de tribune
buffet, partie instrumentale",1965
,,42,Église Saint-Omer de Millam,"Département: Nord<br>Commune: Millam<br>lieu: eglise<br>Orgue: Orgue de tribune<br>buffet, partie instrumentale, tribune<br>Année: 1980",Nord,Millam,eglise,"Orgue de tribune
buffet, partie instrumentale, tribune",1980
,,43,Église Saint-Thomas-de-Cantorbéry de Morbecque,Département: Nord<br>Commune: Morbecque<br>lieu: eglise<br>Orgue: Orgue de tribune<br>buffet<br>Année: 1984,Nord,Morbecque,eglise,"Orgue de tribune
buffet",1984
,,44,Église Saint-Omer d'Ochtezeele,Département: Nord<br>Commune: Ochtezeele<br>lieu: eglise<br>Orgue: Orgue de tribune<br>partie instrumentale<br>Année: 1982,Nord,Ochtezeele,eglise,"Orgue de tribune
partie instrumentale",1982
,,45,Église Saint-Martin d'Oxelaëre,Département: Nord<br>Commune: Oxelaëre<br>lieu: eglise<br>Orgue: Orgue de tribune<br>buffet<br>Année: 1973,Nord,Oxelaëre,eglise,"Orgue de tribune
buffet",1973
,,46,Église Saint-Folquin de Pitgam,"Département: Nord<br>Commune: Pitgam<br>lieu: eglise<br>Orgue: Orgue de tribune<br>buffet, partie instrumentale, tribune<br>Année: 1976",Nord,Pitgam,eglise,"Orgue de tribune
buffet, partie instrumentale, tribune",1976
,,47,Église de la Nativité-de-la-Vierge de Pont-sur-Sambre,Département: Nord<br>Commune: Pont-sur-Sambre<br>lieu: eglise<br>Orgue: Orgue de tribune<br>buffet<br>Année: 1976,Nord,Pont-sur-Sambre,eglise,"Orgue de tribune
buffet",1976
,,48,Église Saint-Omer de Quaëdypre,Département: Nord<br>Commune: Quaëdypre<br>lieu: eglise<br>Orgue: Orgue de tribune<br>buffet<br>Année: 1977,Nord,Quaëdypre,eglise,"Orgue de tribune
buffet",1977
,,49,Église Saint-Antoine de Quarouble,"Département: Nord<br>Commune: Quarouble<br>lieu: eglise<br>Orgue: Orgue de tribune<br>buffet, partie instrumentale<br>Année: 1998",Nord,Quarouble,eglise,"Orgue de tribune
buffet, partie instrumentale",1998
,,50,Église Saint-Nicolas de Raismes,Département: Nord<br>Commune: Raismes<br>lieu: eglise<br>Orgue: Orgue de tribune<br>buffet<br>Année: 1980,Nord,Raismes,eglise,"Orgue de tribune
buffet",1980
,,51,Église Notre-Dame de Renescure,Département: Nord<br>Commune: Renescure<br>lieu: eglise<br>Orgue: Orgue de tribune<br>buffet<br>Année: 1980,Nord,Renescure,eglise,"Orgue de tribune
buffet",1980
,,52,Église Saint-Omer de Rexpoëde,"Département: Nord<br>Commune: Rexpoëde<br>lieu: eglise<br>Orgue: Orgue de tribune<br>buffet, tribune<br>Année: 1980",Nord,Rexpoëde,eglise,"Orgue de tribune
buffet, tribune",1980
,,53,Église Notre-Dame de Roubaix,Département: Nord<br>Commune: Roubaix<br>lieu: eglise<br>Orgue: Orgue de tribune<br>partie instrumentale<br>Année: 1973,Nord,Roubaix,eglise,"Orgue de tribune
partie instrumentale",1973
,,54,Église Saint-François de Roubaix,"Département: Nord<br>Commune: Roubaix<br>lieu: eglise<br>Orgue: Orgue de tribune<br>buffet, partie instrumentale<br>Année: 2001",Nord,Roubaix,eglise,"Orgue de tribune
buffet, partie instrumentale",2001
,,55,Église Saint-Jean-Baptiste de Roubaix,Département: Nord<br>Commune: Roubaix<br>lieu: eglise<br>Orgue: Orgue de tribune<br>partie instrumentale<br>Année: 1990,Nord,Roubaix,eglise,"Orgue de tribune
partie instrumentale",1990
,,56,Église Saint-Joseph de Roubaix,Département: Nord<br>Commune: Roubaix<br>lieu: eglise<br>Orgue: Orgue de tribune<br>buffet<br>Année: 1982,Nord,Roubaix,eglise,"Orgue de tribune
buffet",1982
,,57,Église Saint-Sylvestre de Rubrouck,"Département: Nord<br>Commune: Rubrouck<br>lieu: eglise<br>Orgue: Orgue de tribune<br>buffet, partie instrumentale, tribune<br>Année: 1980",Nord,Rubrouck,eglise,"Orgue de tribune
buffet, partie instrumentale, tribune",1980
,,58,Église Saint-Druon de Sebourg,Département: Nord<br>Commune: Sebourg<br>lieu: eglise<br>Orgue: Orgue de tribune<br>buffet<br>Année: 1975,Nord,Sebourg,eglise,"Orgue de tribune
buffet",1975
,,59,Église Saint-Érasme de Sercus,Département: Nord<br>Commune: Sercus<br>lieu: eglise<br>Orgue: Orgue de tribune<br>buffet<br>Année: 1972,Nord,Sercus,eglise,"Orgue de tribune
buffet",1972
,,60,Église Saint-Pierre de Solre-le-Château,Département: Nord<br>Commune: Solre-le-Château<br>lieu: eglise<br>Orgue: Orgue de tribune<br>buffet<br>Année: 1910,Nord,Solre-le-Château,eglise,"Orgue de tribune
buffet",1910
,,61,Église Saint-Michel de Somain,Département: Nord<br>Commune: Somain<br>lieu: eglise<br>Orgue: Orgue de tribune<br>buffet<br>Année: 1981,Nord,Somain,eglise,"Orgue de tribune
buffet",1981
,,62,Église Saint-Omer de Staple,"Département: Nord<br>Commune: Staple<br>lieu: <br>Orgue: Orgue de tribune<br>buffet, tribune<br>Année: 1980",Nord,Staple,,"Orgue de tribune
buffet, tribune",1980
,,63,Église Saint-Pierre de Steenbecque,"Département: Nord<br>Commune: Steenbecque<br>lieu: eglise<br>Orgue: Orgue de tribune<br>buffet, tribune<br>Année: 1980",Nord,Steenbecque,eglise,"Orgue de tribune
buffet, tribune",1980
,,64,Église Saint-Pierre de Steenvoorde,Département: Nord<br>Commune: Steenvoorde<br>lieu: eglise<br>Orgue: Orgue de tribune<br>buffet<br>Année: 1979,Nord,Steenvoorde,eglise,"Orgue de tribune
buffet",1979
,,65,Église Saint-Pierre de Thiennes,Département: Nord<br>Commune: Thiennes<br>lieu: eglise<br>Orgue: Orgue de tribune<br>buffet<br>Année: 1972,Nord,Thiennes,eglise,"Orgue de tribune
buffet",1972
,,66,Église Saint-Christophe de Tourcoing,Département: Nord<br>Commune: Tourcoing<br>lieu: eglise<br>Orgue: Orgue de tribune<br>buffet<br>Année: 1973,Nord,Tourcoing,eglise,"Orgue de tribune
buffet",1973
,,67,Basilique Notre-Dame du Saint-Cordon,Département: Nord<br>Commune: Valenciennes<br>lieu: basilique<br>Orgue: Orgue de chœur<br>partie instrumentale<br>Année: 1994,Nord,Valenciennes,basilique,"Orgue de chœur
partie instrumentale",1994
,,68,Basilique Notre-Dame du Saint-Cordon,Département: Nord<br>Commune: Valenciennes<br>lieu: basilique<br>Orgue: Orgue de tribune<br>partie instrumentale<br>Année: 1994,Nord,Valenciennes,basilique,"Orgue de tribune
partie instrumentale",1994
,,69,Église Saint-Nicolas de Valenciennes,Département: Nord<br>Commune: Valenciennes<br>lieu: eglise<br>Orgue: Orgue de tribune<br>buffet<br>Année: 1973,Nord,Valenciennes,eglise,"Orgue de tribune
buffet",1973
,,70,Hôpital général de Valenciennes,Département: Nord<br>Commune: Valenciennes<br>lieu: <br>Orgue: Orgue de chœur<br>orgue<br>Année: 2006,Nord,Valenciennes,,"Orgue de chœur
orgue",2006
,,71,Église Saint-Cyriaque de Vieux-Reng,Département: Nord<br>Commune: Vieux-Reng<br>lieu: eglise<br>Orgue: Orgue de tribune<br>buffet<br>Année: 1977,Nord,Vieux-Reng,eglise,"Orgue de tribune
buffet",1977
,,72,Église Saint-Folquin de Volckerinckhove,Département: Nord<br>Commune: Volckerinckhove<br>lieu: eglise<br>Orgue: Orgue de tribune<br>buffet<br>Année: 1981,Nord,Volckerinckhove,eglise,"Orgue de tribune
buffet",1981
,,73,Église Saint-Martin de Wemaers-Cappel,Département: Nord<br>Commune: Wemaers-Cappel<br>lieu: eglise<br>Orgue: Orgue de tribune<br>partie instrumentale<br>Année: 1982,Nord,Wemaers-Cappel,eglise,"Orgue de tribune
partie instrumentale",1982
,,74,Église Saint-Sylvestre de West-Cappel,"Département: Nord<br>Commune: West-Cappel<br>lieu: eglise<br>Orgue: Orgue de tribune<br>buffet, partie instrumentale, tribune<br>Année: 1980<br>1982",Nord,West-Cappel,eglise,"Orgue de tribune
buffet, partie instrumentale, tribune","1980
1982"
,,75,Église Saint-Omer de Zegerscappel,"Département: Nord<br>Commune: Zegerscappel<br>lieu: eglise<br>Orgue: Orgue de tribune<br>buffet, tribune<br>Année: 1980",Nord,Zegerscappel,eglise,"Orgue de tribune
buffet, tribune",1980
,,76,Église Saint-Omer de Zermezeele,"Département: Nord<br>Commune: Zermezeele<br>lieu: eglise<br>Orgue: Orgue de tribune<br>buffet, tribune<br>Année: 1980",Nord,Zermezeele,eglise,"Orgue de tribune
buffet, tribune",1980
,,77,Collégiale Saint-Pierre d'Aire-sur-la-Lys,Département: Pas-de-Calais<br>Commune: Aire-sur-la-Lys<br>lieu: collégiale<br>Orgue: Orgue de tribune<br>buffet<br>Année: 1949,Pas-de-Calais,Aire-sur-la-Lys,collégiale,"Orgue de tribune
buffet",1949
,,78,Cathédrale Notre-Dame-et-Saint-Vaast d'Arras,Département: Pas-de-Calais<br>Commune: Arras<br>lieu: cathedrale<br>Orgue: Orgue de tribune<br>orgue<br>Année: 1906,Pas-de-Calais,Arras,cathedrale,"Orgue de tribune
orgue",1906
,,79,Abbatiale Saint-Georges d'Auchy-lès-Hesdin,Département: Pas-de-Calais<br>Commune: Auchy-lès-Hesdin<br>lieu: abbatiale<br>Orgue: Orgue de tribune<br>buffet<br>Année: 1983,Pas-de-Calais,Auchy-lès-Hesdin,abbatiale,"Orgue de tribune
buffet",1983
,,80,Église Saint-Martin d'Audruicq,"Département: Pas-de-Calais<br>Commune: Audruicq<br>lieu: eglise<br>Orgue: Orgue<br>buffet, partie instrumentale<br>Année: 1938",Pas-de-Calais,Audruicq,eglise,"Orgue
buffet, partie instrumentale",1938
,,81,Église Saint-Martin d'Auxi-le-Château,"Département: Pas-de-Calais<br>Commune: Auxi-le-Château<br>lieu: eglise<br>Orgue: Orgue de tribune<br>buffet, partie instrumentale<br>Année: 1908",Pas-de-Calais,Auxi-le-Château,eglise,"Orgue de tribune
buffet, partie instrumentale",1908
,,82,Église Saint-Nicolas de Boulogne-sur-Mer,"Département: Pas-de-Calais<br>Commune: Boulogne-sur-Mer<br>lieu: eglise<br>Orgue: Orgue de tribune<br>buffet, partie instrumentale<br>Année: 1955",Pas-de-Calais,Boulogne-sur-Mer,eglise,"Orgue de tribune
buffet, partie instrumentale",1955
,,83,Église Notre-Dame de Calais,"Département: Pas-de-Calais<br>Commune: Calais<br>lieu: eglise<br>Orgue: Orgue de tribune<br>buffet, tribune<br>Année: 1971",Pas-de-Calais,Calais,eglise,"Orgue de tribune
buffet, tribune",1971
,,84,Église Saint-Bertulphe de Fruges,"Département: Pas-de-Calais<br>Commune: Fruges<br>lieu: eglise<br>Orgue: Orgue de tribune<br>buffet, partie instrumentale<br>Année: 1985",Pas-de-Calais,Fruges,eglise,"Orgue de tribune
buffet, partie instrumentale",1985
,,85,Église Saint-Pierre-aux-Liens de Guînes,"Département: Pas-de-Calais<br>Commune: Guînes<br>lieu: eglise<br>Orgue: Orgue de tribune<br>buffet, partie instrumentale<br>Année: 1996",Pas-de-Calais,Guînes,eglise,"Orgue de tribune
buffet, partie instrumentale",1996
,,86,Église Saint-Vaast de Laventie,Département: Pas-de-Calais<br>Commune: Laventie<br>lieu: eglise<br>Orgue: Orgue de tribune<br>partie instrumentale<br>Année: 1995,Pas-de-Calais,Laventie,eglise,"Orgue de tribune
partie instrumentale",1995
,,87,Église Notre-Dame de Licques,Département: Pas-de-Calais<br>Commune: Licques<br>lieu: eglise<br>Orgue: Orgue de tribune<br>buffet<br>Année: 1978,Pas-de-Calais,Licques,eglise,"Orgue de tribune
buffet",1978
,,88,Église Sainte-Croix de Marconnelle,Département: Pas-de-Calais<br>Commune: Marconnelle<br>lieu: eglise<br>Orgue: Orgue de tribune<br>partie instrumentale<br>Année: 1990,Pas-de-Calais,Marconnelle,eglise,"Orgue de tribune
partie instrumentale",1990
,,89,Église Saint-Pierre de Nielles-lès-Ardres,"Département: Pas-de-Calais<br>Commune: Nielles-lès-Ardres<br>lieu: eglise<br>Orgue: Orgue de tribune<br>buffet, partie instrumentale<br>Année: 1911",Pas-de-Calais,Nielles-lès-Ardres,eglise,"Orgue de tribune
buffet, partie instrumentale",1911
,,90,Église Saint-Médard d'Oye-Plage,Département: Pas-de-Calais<br>Commune: Oye-Plage<br>lieu: eglise<br>Orgue: Orgue de tribune<br>partie instrumentale<br>Année: 1990,Pas-de-Calais,Oye-Plage,eglise,"Orgue de tribune
partie instrumentale",1990
,,91,Église Notre-Dame de Saint-Omer,"Département: Pas-de-Calais<br>Commune: Saint-Omer<br>lieu: eglise<br>Orgue: Orgue de tribune<br>buffet, partie instrumentale, tribune<br>Année: 1908",Pas-de-Calais,Saint-Omer,eglise,"Orgue de tribune
buffet, partie instrumentale, tribune",1908
,,92,Église Saint-Denis de Saint-Omer,"Département: Pas-de-Calais<br>Commune: Saint-Omer<br>lieu: eglise<br>Orgue: Orgue de tribune<br>buffet, tribune<br>Année: 1979",Pas-de-Calais,Saint-Omer,eglise,"Orgue de tribune
buffet, tribune",1979
,,93,Église Saint-Paul de Saint-Pol-sur-Ternoise,Département: Pas-de-Calais<br>Commune: Saint-Pol-sur-Ternoise<br>lieu: eglise<br>Orgue: Orgue de tribune<br>partie instrumentale<br>Année: 2003,Pas-de-Calais,Saint-Pol-sur-Ternoise,eglise,"Orgue de tribune
partie instrumentale",2003
,,94,Église Saint-Médard de Tournehem-sur-la-Hem,"Département: Pas-de-Calais<br>Commune: Tournehem-sur-la-Hem<br>lieu: eglise<br>Orgue: Orgue de tribune<br>buffet, partie instrumentale<br>Année: 1911",Pas-de-Calais,Tournehem-sur-la-Hem,eglise,"Orgue de tribune
buffet, partie instrumentale",1911
,,95,Église de l'Immaculée-Conception de Wimereux,Département: Pas-de-Calais<br>Commune: Wimereux<br>lieu: eglise<br>Orgue: Orgue de tribune<br>partie instrumentale<br>Année: 1987,Pas-de-Calais,Wimereux,eglise,"Orgue de tribune
partie instrumentale",1987
